{"cameraMode":{"drawMode":0,"name":"Shaded","section":"Shading Mode"},"sceneLighting":false,"audioPlay":false,"sceneViewState":{"m_AlwaysRefresh":false,"showFog":true,"showSkybox":true,"showFlares":true,"showImageEffects":true,"showParticleSystems":true,"showVisualEffectGraphs":true,"m_FxEnabled":true},"in2DMode":false,"pivot":{"x":-0.017670750617980958,"y":0.00799938291311264,"z":0.01415308564901352},"rotation":{"x":-0.09219352155923844,"y":0.8757001757621765,"z":-0.18501034379005433,"w":-0.4363749027252197},"size":0.13830290734767915,"orthographic":false}