{"cameraMode":{"drawMode":0,"name":"Shaded","section":"Shading Mode"},"sceneLighting":false,"audioPlay":false,"sceneViewState":{"m_AlwaysRefresh":false,"showFog":true,"showSkybox":true,"showFlares":true,"showImageEffects":true,"showParticleSystems":true,"showVisualEffectGraphs":true,"m_FxEnabled":true},"in2DMode":false,"pivot":{"x":0.004242807626724243,"y":-0.016441714018583299,"z":-0.002743929624557495},"rotation":{"x":-0.007871895097196103,"y":0.9798461198806763,"z":-0.03942052647471428,"w":-0.19566720724105836},"size":0.22637653350830079,"orthographic":false}