{"cameraMode":{"drawMode":0,"name":"Shaded","section":"Shading Mode"},"sceneLighting":false,"audioPlay":false,"sceneViewState":{"m_AlwaysRefresh":false,"showFog":true,"showSkybox":true,"showFlares":true,"showImageEffects":true,"showParticleSystems":true,"showVisualEffectGraphs":true,"m_FxEnabled":true},"in2DMode":false,"pivot":{"x":0.050679050385951999,"y":-0.012853523716330529,"z":0.08661939948797226},"rotation":{"x":-0.010480408556759358,"y":0.9280357360839844,"z":-0.026186536997556688,"w":-0.3714219331741333},"size":0.09013611078262329,"orthographic":false}