{"cameraMode":{"drawMode":0,"name":"Shaded","section":"Shading Mode"},"sceneLighting":false,"audioPlay":false,"sceneViewState":{"m_AlwaysRefresh":false,"showFog":true,"showSkybox":true,"showFlares":true,"showImageEffects":true,"showParticleSystems":true,"showVisualEffectGraphs":true,"m_FxEnabled":true},"in2DMode":false,"pivot":{"x":-0.03235841169953346,"y":0.2967803180217743,"z":-0.0014816832263022662},"rotation":{"x":0.00048590850201435387,"y":0.9989802837371826,"z":0.04377371445298195,"w":-0.01108817383646965},"size":0.7201378345489502,"orthographic":false}