[Licensing::Module] Trying to connect to existing licensing client channel...
Built from '6000.2/staging' branch; Version is '6000.2.15f1 (0707b6d1e918) revision 460726'; Using compiler version '194234433'; Build Type 'Release'
[Licensing::IpcConnector] Successfully connected to: "LicenseClient-1" at "2026-05-20T18:24:55.2974984Z"
OS: 'Windows 11  (10.0.22621) 64bit Professional' Language: 'ru' Physical Memory: 65377 MB
BatchMode: 1, IsHumanControllingUs: 0, StartBugReporterOnCrash: 0, Is64bit: 1
Date: 2026-05-20T18:24:55Z

COMMAND LINE ARGUMENTS:
C:\Program Files\Unity\Hub\Editor\6000.2.15f1\Editor\Unity.exe
-adb2
-batchMode
-noUpm
-name
AssetImportWorker2
-projectPath
C:/Users/1/Documents/GitHub/HomeworkOOP
-logFile
Logs/AssetImportWorker2.log
-srvPort
50381
-licensingIpc
LicenseClient-1
-job-worker-count
5
-background-job-worker-count
8
-gc-helper-count
1
-name
AssetImport
Successfully changed project path to: C:/Users/1/Documents/GitHub/HomeworkOOP
C:/Users/1/Documents/GitHub/HomeworkOOP
[UnityMemory] Configuration Parameters - Can be set up in boot.config
    "memorysetup-allocator-temp-initial-block-size-main=262144"
    "memorysetup-allocator-temp-initial-block-size-worker=262144"
    "memorysetup-bucket-allocator-granularity=16"
    "memorysetup-bucket-allocator-bucket-count=8"
    "memorysetup-bucket-allocator-block-size=33554432"
    "memorysetup-bucket-allocator-block-count=8"
    "memorysetup-main-allocator-block-size=16777216"
    "memorysetup-thread-allocator-block-size=16777216"
    "memorysetup-gfx-main-allocator-block-size=16777216"
    "memorysetup-gfx-thread-allocator-block-size=16777216"
    "memorysetup-cache-allocator-block-size=4194304"
    "memorysetup-typetree-allocator-block-size=2097152"
    "memorysetup-profiler-bucket-allocator-granularity=16"
    "memorysetup-profiler-bucket-allocator-bucket-count=8"
    "memorysetup-profiler-bucket-allocator-block-size=33554432"
    "memorysetup-profiler-bucket-allocator-block-count=8"
    "memorysetup-profiler-allocator-block-size=16777216"
    "memorysetup-profiler-editor-allocator-block-size=1048576"
    "memorysetup-temp-allocator-size-main=16777216"
    "memorysetup-job-temp-allocator-block-size=2097152"
    "memorysetup-job-temp-allocator-block-size-background=1048576"
    "memorysetup-job-temp-allocator-reduction-small-platforms=262144"
    "memorysetup-temp-allocator-size-background-worker=32768"
    "memorysetup-temp-allocator-size-job-worker=262144"
    "memorysetup-temp-allocator-size-preload-manager=33554432"
    "memorysetup-temp-allocator-size-nav-mesh-worker=65536"
    "memorysetup-temp-allocator-size-audio-worker=65536"
    "memorysetup-temp-allocator-size-cloud-worker=32768"
    "memorysetup-temp-allocator-size-gi-baking-worker=262144"
    "memorysetup-temp-allocator-size-gi-baking-worker=262144"
    "memorysetup-temp-allocator-size-gi-baking-worker=262144"
    "memorysetup-temp-allocator-size-gi-baking-worker=262144"
    "memorysetup-temp-allocator-size-gi-baking-worker=262144"
    "memorysetup-temp-allocator-size-gfx=262144"
Player connection [10624]  Target information:

Player connection [10624]  * "[IP] 192.168.1.5 [Port] 0 [Flags] 2 [Guid] 2612727116 [EditorId] 2612727116 [Version] 1048832 [Id] WindowsEditor(7,DESKTOP-UP8DEDE) [Debug] 1 [PackageName] WindowsEditor [ProjectName] Editor" 

Player connection [10624] Host joined multi-casting on [225.0.0.222:54997]...
Player connection [10624] Host joined alternative multi-casting on [225.0.0.222:34997]...
JobSystem: Creating JobQueue using job-worker-count value 5
Input System module state changed to: Initialized.
[Physics::Module] Initialized fallback backend.
[Physics::Module] Id: 0xdecafbad
Library Redirect Path: Library/
[Physics::Module] Selected backend.
[Physics::Module] Name: PhysX
[Physics::Module] Id: 0xf2b8ea05
[Physics::Module] SDK Version: 4.1.2
[Physics::Module] Integration Version: 1.0.0
[Physics::Module] Threading Mode: Multi-Threaded
Refreshing native plugins compatible for Editor in 551.39 ms, found 7 plugins.
Preloading 0 native plugins for Editor in 0.00 ms.
Initialize engine version: 6000.2.15f1 (0707b6d1e918)
[Subsystems] Discovering subsystems at path C:/Program Files/Unity/Hub/Editor/6000.2.15f1/Editor/Data/Resources/UnitySubsystems
[Subsystems] Discovering subsystems at path C:/Users/1/Documents/GitHub/HomeworkOOP/Assets
GfxDevice: creating device client; kGfxThreadingModeNonThreaded
Direct3D:
    Version:  Direct3D 11.0 [level 11.1]
    Renderer: NVIDIA GeForce RTX 3060 (ID=0x2504)
    Vendor:   NVIDIA
    VRAM:     12115 MB
    Driver:   32.0.15.9186
Initialize mono
Mono path[0] = 'C:/Program Files/Unity/Hub/Editor/6000.2.15f1/Editor/Data/Managed'
Mono path[1] = 'C:/Program Files/Unity/Hub/Editor/6000.2.15f1/Editor/Data/MonoBleedingEdge/lib/mono/unityjit-win32'
Mono config path = 'C:/Program Files/Unity/Hub/Editor/6000.2.15f1/Editor/Data/MonoBleedingEdge/etc'
Using monoOptions --debugger-agent=transport=dt_socket,embedding=1,server=y,suspend=n,address=127.0.0.1:56312
Begin MonoManager ReloadAssembly
[Licensing::Client] Error: HandshakeResponse reported an error:
	ResponseCode: 505
	ResponseStatus: Unsupported protocol version '1.17.4'.
[Licensing::Module] Error: Failed to handshake to channel: "LicenseClient-1"
[Licensing::IpcConnector] LicenseClient-1 channel disconnected successfully.
[Licensing::IpcConnector] Successfully connected to: "LicenseClient-1-6000.2.15" at "2026-05-20T18:24:57.9576886Z"
Registering precompiled unity dll's ...
Register platform support module: C:/Program Files/Unity/Hub/Editor/6000.2.15f1/Editor/Data/PlaybackEngines/WindowsStandaloneSupport/UnityEditor.WindowsStandalone.Extensions.dll
Registered in 0.002925 seconds.
- Loaded All Assemblies, in  1.839 seconds
Native extension for WindowsStandalone target not found
Mono: successfully reloaded assembly
- Finished resetting the current domain, in  0.559 seconds
Domain Reload Profiling: 2394ms
	BeginReloadAssembly (216ms)
		ExecutionOrderSort (0ms)
		DisableScriptedObjects (0ms)
		BackupInstance (0ms)
		ReleaseScriptingObjects (0ms)
		CreateAndSetChildDomain (1ms)
	RebuildCommonClasses (298ms)
	RebuildNativeTypeToScriptingClass (18ms)
	initialDomainReloadingComplete (76ms)
	LoadAllAssembliesAndSetupDomain (1225ms)
		LoadAssemblies (212ms)
		RebuildTransferFunctionScriptingTraits (0ms)
		AnalyzeDomain (1220ms)
			TypeCache.Refresh (1218ms)
				TypeCache.ScanAssembly (1196ms)
			BuildScriptInfoCaches (0ms)
			ResolveRequiredComponents (1ms)
	FinalizeReload (559ms)
		ReleaseScriptCaches (0ms)
		RebuildScriptCaches (0ms)
		SetupLoadedEditorAssemblies (479ms)
			LogAssemblyErrors (0ms)
			InitializePlatformSupportModulesInManaged (77ms)
			SetLoadedEditorAssemblies (5ms)
			BeforeProcessingInitializeOnLoad (107ms)
			ProcessInitializeOnLoadAttributes (184ms)
			ProcessInitializeOnLoadMethodAttributes (107ms)
			AfterProcessingInitializeOnLoad (0ms)
			EditorAssembliesLoaded (0ms)
		ExecutionOrderSort2 (0ms)
		AwakeInstancesAfterBackupRestoration (0ms)
[Licensing::Client] Handshaking with LicensingClient:
  Version:                 1.17.4+4293ba1
  Session Id:              a27d7acab9a74939bcdb593cbf2dc29c
  Correlation Id:          5937ea9638a4a3f709c2057348a3490d
  External correlation Id: 2252885337358216692
  Machine Id:              6fiYWAOOztwpvCd9MFg5AYxRyno=
[Licensing::Module] Successfully connected to LicensingClient on channel: "LicenseClient-1-6000.2.15" (connect: 0.00s, validation: 0.00s, handshake: 2.10s)
[Licensing::IpcConnector] Successfully connected to: "LicenseClient-1-6000.2.15-notifications" at "2026-05-20T18:25:00.0637428Z"
[Licensing::Module] Licensing Background thread has ended after 4.77s
========================================================================
Worker process is ready to serve import requests
Import Worker Mode flag is 0x00
Begin MonoManager ReloadAssembly
[Licensing::Client] Successfully resolved entitlement details
[Licensing::Module] License group:
  Id: F4-GBTE-X4VW-QSVG-B2WS-XXXX
  Product: Unity Personal
  Type: ULF
  Expiration: Unlimited
[Licensing::Module] License group:
  Id: 10171100142060-UnityPersXXXX
  Product: Unity Personal
  Type: Assigned
  Expiration: Unlimited
- Loaded All Assemblies, in  1.697 seconds
Refreshing native plugins compatible for Editor in 4.48 ms, found 7 plugins.
Native extension for WindowsStandalone target not found
Package Manager log level set to [2]
[Package Manager] Failed to launch server process. Reason: Unity was launched with the -noUpm command-line argument
[Package Manager] Unable to send message (not connected to server process).
[Package Manager] Cannot connect to Unity Package Manager local server
Mono: successfully reloaded assembly
- Finished resetting the current domain, in  2.751 seconds
Domain Reload Profiling: 4433ms
	BeginReloadAssembly (350ms)
		ExecutionOrderSort (0ms)
		DisableScriptedObjects (14ms)
		BackupInstance (0ms)
		ReleaseScriptingObjects (0ms)
		CreateAndSetChildDomain (62ms)
	RebuildCommonClasses (68ms)
	RebuildNativeTypeToScriptingClass (22ms)
	initialDomainReloadingComplete (74ms)
	LoadAllAssembliesAndSetupDomain (1167ms)
		LoadAssemblies (810ms)
		RebuildTransferFunctionScriptingTraits (0ms)
		AnalyzeDomain (558ms)
			TypeCache.Refresh (403ms)
				TypeCache.ScanAssembly (379ms)
			BuildScriptInfoCaches (105ms)
			ResolveRequiredComponents (43ms)
	FinalizeReload (2752ms)
		ReleaseScriptCaches (0ms)
		RebuildScriptCaches (0ms)
		SetupLoadedEditorAssemblies (2295ms)
			LogAssemblyErrors (0ms)
			InitializePlatformSupportModulesInManaged (3ms)
			SetLoadedEditorAssemblies (7ms)
			BeforeProcessingInitializeOnLoad (219ms)
			ProcessInitializeOnLoadAttributes (1284ms)
			ProcessInitializeOnLoadMethodAttributes (764ms)
			AfterProcessingInitializeOnLoad (18ms)
			EditorAssembliesLoaded (1ms)
		ExecutionOrderSort2 (0ms)
		AwakeInstancesAfterBackupRestoration (26ms)
Launched and connected shader compiler UnityShaderCompiler.exe after 0.06 seconds
Refreshing native plugins compatible for Editor in 4.10 ms, found 7 plugins.
Preloading 0 native plugins for Editor in 0.00 ms.
Unloading 13 Unused Serialized files (Serialized files now loaded: 0)
Unloading 6498 unused Assets / (4.9 MB). Loaded Objects now: 7265.
Memory consumption went from 152.3 MB to 147.3 MB.
Total: 10.976200 ms (FindLiveObjects: 1.050500 ms CreateObjectMapping: 0.700800 ms MarkObjects: 6.509400 ms  DeleteObjects: 2.714300 ms)

========================================================================
Received Import Request.
  Time since last request: 2869278.764344 seconds.
  path: Assets/Settings/DefaultVolumeProfile.asset
  artifactKey: Guid(ab09877e2e707104187f6f83e2f62510) Importer(815301076,1909f56bfc062723c751e8b465ee728b)
Start importing Assets/Settings/DefaultVolumeProfile.asset using Guid(ab09877e2e707104187f6f83e2f62510) Importer(815301076,1909f56bfc062723c751e8b465ee728b) (PreviewImporter) -> (artifact id: '6e1d75d063fc63ccf0dc1d0cf695f855') in 0.0353536 seconds
Number of updated asset objects reloaded before import = 0Number of asset objects unloaded after import = 0

========================================================================
Received Import Request.
  Time since last request: 15.174195 seconds.
  path: Assets/Game/Scenes/Game/LightingData.asset
  artifactKey: Guid(0e7f85b31d44f4f47bc1d241c840c23f) Importer(815301076,1909f56bfc062723c751e8b465ee728b)
Start importing Assets/Game/Scenes/Game/LightingData.asset using Guid(0e7f85b31d44f4f47bc1d241c840c23f) Importer(815301076,1909f56bfc062723c751e8b465ee728b) (PreviewImporter) -> (artifact id: 'c85d209b9ae33cd38bd08137ac7f9485') in 0.0026575 seconds
Number of updated asset objects reloaded before import = 0Number of asset objects unloaded after import = 5

========================================================================
Received Import Request.
  Time since last request: 10.341033 seconds.
  path: Assets/3rdParty/AllIn13DShader/Demo/Models/AlienStatue.fbx
  artifactKey: Guid(de1190149eb4d884d97523d3f10afbcd) Importer(815301076,1909f56bfc062723c751e8b465ee728b)
Start importing Assets/3rdParty/AllIn13DShader/Demo/Models/AlienStatue.fbx using Guid(de1190149eb4d884d97523d3f10afbcd) Importer(815301076,1909f56bfc062723c751e8b465ee728b) (PreviewImporter) -> (artifact id: '3b0a560bd734a22f14c95e2f28e54811') in 6.7713246 seconds
Number of updated asset objects reloaded before import = 0Number of asset objects unloaded after import = 21

========================================================================
Received Import Request.
  Time since last request: 0.000074 seconds.
  path: Packages/com.unity.render-pipelines.universal/Shaders/FullscreenInvertColors.shadergraph
  artifactKey: Guid(fb6390f650ca44a5ba3246d8dda47927) Importer(815301076,1909f56bfc062723c751e8b465ee728b)
Start importing Packages/com.unity.render-pipelines.universal/Shaders/FullscreenInvertColors.shadergraph using Guid(fb6390f650ca44a5ba3246d8dda47927) Importer(815301076,1909f56bfc062723c751e8b465ee728b) (PreviewImporter) -> (artifact id: 'cb31ad1a852201ca17e187b52ac5cc5a') in 0.6054344 seconds
Number of updated asset objects reloaded before import = 0Number of asset objects unloaded after import = 2

========================================================================
Received Import Request.
  Time since last request: 0.000062 seconds.
  path: Assets/3rdParty/Polygon Arsenal/Models/PolyCoinBig.FBX
  artifactKey: Guid(849e72079844d48438fc58820f66c349) Importer(815301076,1909f56bfc062723c751e8b465ee728b)
Start importing Assets/3rdParty/Polygon Arsenal/Models/PolyCoinBig.FBX using Guid(849e72079844d48438fc58820f66c349) Importer(815301076,1909f56bfc062723c751e8b465ee728b) (PreviewImporter) -> (artifact id: 'a85c66e107912e7583f8bc63b7542c75') in 0.0377542 seconds
Number of updated asset objects reloaded before import = 0Number of asset objects unloaded after import = 7

========================================================================
Received Import Request.
  Time since last request: 0.000048 seconds.
  path: Assets/3rdParty/AllIn13DShader/Demo/Models/Grass.fbx
  artifactKey: Guid(b5f45c1baaf84df41a3fb8f8e22c03ab) Importer(815301076,1909f56bfc062723c751e8b465ee728b)
Start importing Assets/3rdParty/AllIn13DShader/Demo/Models/Grass.fbx using Guid(b5f45c1baaf84df41a3fb8f8e22c03ab) Importer(815301076,1909f56bfc062723c751e8b465ee728b) (PreviewImporter) -> (artifact id: 'd24c041f225eb6996ffd7934a012e97d') in 0.0977393 seconds
Number of updated asset objects reloaded before import = 0Number of asset objects unloaded after import = 13

========================================================================
Received Import Request.
  Time since last request: 0.000046 seconds.
  path: Packages/com.unity.searcher/Editor/Resources/FlatSkin/Font/Roboto-MediumItalic.ttf
  artifactKey: Guid(d93c1bc57fdf1ac4dad1bf04fac05464) Importer(815301076,1909f56bfc062723c751e8b465ee728b)
Start importing Packages/com.unity.searcher/Editor/Resources/FlatSkin/Font/Roboto-MediumItalic.ttf using Guid(d93c1bc57fdf1ac4dad1bf04fac05464) Importer(815301076,1909f56bfc062723c751e8b465ee728b) (PreviewImporter) -> (artifact id: 'f340a7f6e22e240cb74d498957ebe2e0') in 0.0467118 seconds
Number of updated asset objects reloaded before import = 0Number of asset objects unloaded after import = 4

========================================================================
Received Import Request.
  Time since last request: 0.000061 seconds.
  path: Assets/3rdParty/PolygonSciFiSpace/Materials/FX_Materials/FX_Lighting.mat
  artifactKey: Guid(125544cbb97615848a5d285350b798fd) Importer(815301076,1909f56bfc062723c751e8b465ee728b)
Start importing Assets/3rdParty/PolygonSciFiSpace/Materials/FX_Materials/FX_Lighting.mat using Guid(125544cbb97615848a5d285350b798fd) Importer(815301076,1909f56bfc062723c751e8b465ee728b) (PreviewImporter) -> (artifact id: '73e91e5ec79675693db93fef4b55b9e9') in 0.0898652 seconds
Number of updated asset objects reloaded before import = 0Number of asset objects unloaded after import = 2

========================================================================
Received Import Request.
  Time since last request: 0.000043 seconds.
  path: Assets/Samples/Universal Render Pipeline/17.2.0/URP Package Samples/RendererFeatures/BlitToRTHandle/BlitMaterial.shadergraph
  artifactKey: Guid(0cdec85a92f7b8d45adac3d51fcd56df) Importer(815301076,1909f56bfc062723c751e8b465ee728b)
Start importing Assets/Samples/Universal Render Pipeline/17.2.0/URP Package Samples/RendererFeatures/BlitToRTHandle/BlitMaterial.shadergraph using Guid(0cdec85a92f7b8d45adac3d51fcd56df) Importer(815301076,1909f56bfc062723c751e8b465ee728b) (PreviewImporter) -> (artifact id: '9190042411e1c4d6e93674bfef9ce00d') in 0.4006389 seconds
Number of updated asset objects reloaded before import = 0Number of asset objects unloaded after import = 2

========================================================================
Received Import Request.
  Time since last request: 0.000078 seconds.
  path: Assets/3rdParty/Polygon Arsenal/Models/PolyBoneRibCageGory.FBX
  artifactKey: Guid(43ce521005c544d4db114edde02c088a) Importer(815301076,1909f56bfc062723c751e8b465ee728b)
Start importing Assets/3rdParty/Polygon Arsenal/Models/PolyBoneRibCageGory.FBX using Guid(43ce521005c544d4db114edde02c088a) Importer(815301076,1909f56bfc062723c751e8b465ee728b) (PreviewImporter) -> (artifact id: '89d9581dc0431068e3c22cbb0f26f1db') in 6.2247297 seconds
Number of updated asset objects reloaded before import = 0Number of asset objects unloaded after import = 10

========================================================================
Received Import Request.
  Time since last request: 0.000060 seconds.
  path: Assets/3rdParty/Polygon Arsenal/Models/PolyBoneSpikeGib.FBX
  artifactKey: Guid(fb18197a8b8a15d4ea09b104b98b19ca) Importer(815301076,1909f56bfc062723c751e8b465ee728b)
Start importing Assets/3rdParty/Polygon Arsenal/Models/PolyBoneSpikeGib.FBX using Guid(fb18197a8b8a15d4ea09b104b98b19ca) Importer(815301076,1909f56bfc062723c751e8b465ee728b) (PreviewImporter) -> (artifact id: '27e41d4df5ebf28d90194c5271e5ddf0') in 0.0334534 seconds
Number of updated asset objects reloaded before import = 0Number of asset objects unloaded after import = 7

========================================================================
Received Import Request.
  Time since last request: 0.000056 seconds.
  path: Assets/Samples/Universal Render Pipeline/17.2.0/URP Package Samples/SharedAssets/Materials/Floor.mat
  artifactKey: Guid(e79ed9157b4994e41a8ded6cddc85b4d) Importer(815301076,1909f56bfc062723c751e8b465ee728b)
Start importing Assets/Samples/Universal Render Pipeline/17.2.0/URP Package Samples/SharedAssets/Materials/Floor.mat using Guid(e79ed9157b4994e41a8ded6cddc85b4d) Importer(815301076,1909f56bfc062723c751e8b465ee728b) (PreviewImporter) -> (artifact id: '8f66ed9fa6d1b4185f63dbb9997e77d7') in 0.0235456 seconds
Number of updated asset objects reloaded before import = 0Number of asset objects unloaded after import = 1

========================================================================
Received Import Request.
  Time since last request: 0.000042 seconds.
  path: Assets/3rdParty/AllIn13DShader/Demo/Models/Carrot.fbx
  artifactKey: Guid(7c4bca4633baea5488425a9a87d028bf) Importer(815301076,1909f56bfc062723c751e8b465ee728b)
Start importing Assets/3rdParty/AllIn13DShader/Demo/Models/Carrot.fbx using Guid(7c4bca4633baea5488425a9a87d028bf) Importer(815301076,1909f56bfc062723c751e8b465ee728b) (PreviewImporter) -> (artifact id: 'bd3cad80fcfbf144108745fa0c476da9') in 0.1158646 seconds
Number of updated asset objects reloaded before import = 0Number of asset objects unloaded after import = 14

========================================================================
Received Import Request.
  Time since last request: 0.000070 seconds.
  path: Assets/3rdParty/Polygon Arsenal/Models/PolyBoneCluster.FBX
  artifactKey: Guid(dea02f3e0582f884ea589020e373158e) Importer(815301076,1909f56bfc062723c751e8b465ee728b)
Start importing Assets/3rdParty/Polygon Arsenal/Models/PolyBoneCluster.FBX using Guid(dea02f3e0582f884ea589020e373158e) Importer(815301076,1909f56bfc062723c751e8b465ee728b) (PreviewImporter) -> (artifact id: '8e8dff5866ddc850afcbe1803ce17817') in 0.0281092 seconds
Number of updated asset objects reloaded before import = 0Number of asset objects unloaded after import = 7

========================================================================
Received Import Request.
  Time since last request: 0.000043 seconds.
  path: Assets/3rdParty/Polygon Arsenal/Models/PolygonPowerupBullets.FBX
  artifactKey: Guid(3355b1e419fbb41429824765073c19ce) Importer(815301076,1909f56bfc062723c751e8b465ee728b)
Start importing Assets/3rdParty/Polygon Arsenal/Models/PolygonPowerupBullets.FBX using Guid(3355b1e419fbb41429824765073c19ce) Importer(815301076,1909f56bfc062723c751e8b465ee728b) (PreviewImporter) -> (artifact id: 'b4ef2f38ea94a071100f42b90f9c491b') in 0.0267913 seconds
Number of updated asset objects reloaded before import = 0Number of asset objects unloaded after import = 9

========================================================================
Received Import Request.
  Time since last request: 0.000063 seconds.
  path: Assets/3rdParty/PolygonSciFiSpace/Materials/FX_Materials/FX_Clouds_01.mat
  artifactKey: Guid(3e1f45bff2e14cc418f7d4256dba8299) Importer(815301076,1909f56bfc062723c751e8b465ee728b)
Start importing Assets/3rdParty/PolygonSciFiSpace/Materials/FX_Materials/FX_Clouds_01.mat using Guid(3e1f45bff2e14cc418f7d4256dba8299) Importer(815301076,1909f56bfc062723c751e8b465ee728b) (PreviewImporter) -> (artifact id: '867bbfc08957d7df251e8019fbc67bdc') in 0.0455942 seconds
Number of updated asset objects reloaded before import = 0Number of asset objects unloaded after import = 2

========================================================================
Received Import Request.
  Time since last request: 0.000070 seconds.
  path: Packages/com.unity.render-pipelines.core/Runtime/Debugging/Prefabs/Fonts/PerfectDOSVGA437.ttf
  artifactKey: Guid(74a5091d8707f334b9a5c31ef71a64ba) Importer(815301076,1909f56bfc062723c751e8b465ee728b)
Start importing Packages/com.unity.render-pipelines.core/Runtime/Debugging/Prefabs/Fonts/PerfectDOSVGA437.ttf using Guid(74a5091d8707f334b9a5c31ef71a64ba) Importer(815301076,1909f56bfc062723c751e8b465ee728b) (PreviewImporter) -> (artifact id: '01584a8cc8e436c3db12ac626bb335b0') in 0.0188231 seconds
Number of updated asset objects reloaded before import = 0Number of asset objects unloaded after import = 4

========================================================================
Received Import Request.
  Time since last request: 0.000053 seconds.
  path: Assets/3rdParty/PolygonSciFiSpace/Materials/FX_Materials/FX_Blackhole.mat
  artifactKey: Guid(a5515c39754fbde43b94f0f536f96d1f) Importer(815301076,1909f56bfc062723c751e8b465ee728b)
Start importing Assets/3rdParty/PolygonSciFiSpace/Materials/FX_Materials/FX_Blackhole.mat using Guid(a5515c39754fbde43b94f0f536f96d1f) Importer(815301076,1909f56bfc062723c751e8b465ee728b) (PreviewImporter) -> (artifact id: 'cc70d9f7daaf88ae00e671f421d4c360') in 0.0792375 seconds
Number of updated asset objects reloaded before import = 0Number of asset objects unloaded after import = 2

========================================================================
Received Import Request.
  Time since last request: 0.000055 seconds.
  path: Packages/com.unity.render-pipelines.universal/Runtime/Materials/ArnoldStandardSurface/ArnoldStandardSurfaceTransparent.shadergraph
  artifactKey: Guid(30fa68ce467463643a86b839ca0eb195) Importer(815301076,1909f56bfc062723c751e8b465ee728b)
Start importing Packages/com.unity.render-pipelines.universal/Runtime/Materials/ArnoldStandardSurface/ArnoldStandardSurfaceTransparent.shadergraph using Guid(30fa68ce467463643a86b839ca0eb195) Importer(815301076,1909f56bfc062723c751e8b465ee728b) (PreviewImporter) -> (artifact id: '0bf325a40dc07374690942d56adbdc7b') in 7.1422206 seconds
Number of updated asset objects reloaded before import = 0Number of asset objects unloaded after import = 5

========================================================================
Received Import Request.
  Time since last request: 0.000068 seconds.
  path: Assets/TutorialInfo/Icons/URP.png
  artifactKey: Guid(727a75301c3d24613a3ebcec4a24c2c8) Importer(815301076,1909f56bfc062723c751e8b465ee728b)
Start importing Assets/TutorialInfo/Icons/URP.png using Guid(727a75301c3d24613a3ebcec4a24c2c8) Importer(815301076,1909f56bfc062723c751e8b465ee728b) (PreviewImporter) -> (artifact id: 'dcc9da50f69a83e95750a2e55e55099e') in 0.0341284 seconds
Number of updated asset objects reloaded before import = 0Number of asset objects unloaded after import = 2

========================================================================
Received Import Request.
  Time since last request: 0.000050 seconds.
  path: Assets/Samples/Universal Render Pipeline/17.2.0/URP Package Samples/Decals/BlobShadow/BlobShadow_Graph.shadergraph
  artifactKey: Guid(0bb4596125b68476b9ce0035f4d8b8cf) Importer(815301076,1909f56bfc062723c751e8b465ee728b)
Start importing Assets/Samples/Universal Render Pipeline/17.2.0/URP Package Samples/Decals/BlobShadow/BlobShadow_Graph.shadergraph using Guid(0bb4596125b68476b9ce0035f4d8b8cf) Importer(815301076,1909f56bfc062723c751e8b465ee728b) (PreviewImporter) -> (artifact id: 'a6b92ad28274b591a84164bf1030c30a') in 0.0266677 seconds
Number of updated asset objects reloaded before import = 0Number of asset objects unloaded after import = 2

========================================================================
Received Import Request.
  Time since last request: 0.000064 seconds.
  path: Assets/3rdParty/PolygonSciFiSpace/Materials/FX_Materials/FX_MissileCloud.mat
  artifactKey: Guid(a024a8c4e754a3d469880ec32ac46bc4) Importer(815301076,1909f56bfc062723c751e8b465ee728b)
Start importing Assets/3rdParty/PolygonSciFiSpace/Materials/FX_Materials/FX_MissileCloud.mat using Guid(a024a8c4e754a3d469880ec32ac46bc4) Importer(815301076,1909f56bfc062723c751e8b465ee728b) (PreviewImporter) -> (artifact id: '312e4d276fc05a7f9be640fe32065944') in 0.0253188 seconds
Number of updated asset objects reloaded before import = 0Number of asset objects unloaded after import = 2

========================================================================
Received Import Request.
  Time since last request: 0.000088 seconds.
  path: Packages/com.unity.render-pipelines.universal/Shaders/AutodeskInteractive/AutodeskInteractive.shadergraph
  artifactKey: Guid(0e9d5a909a1f7e84882a534d0d11e49f) Importer(815301076,1909f56bfc062723c751e8b465ee728b)
Start importing Packages/com.unity.render-pipelines.universal/Shaders/AutodeskInteractive/AutodeskInteractive.shadergraph using Guid(0e9d5a909a1f7e84882a534d0d11e49f) Importer(815301076,1909f56bfc062723c751e8b465ee728b) (PreviewImporter) -> (artifact id: 'a117f6798e501c63c8ba250effb78c52') in 7.3044784 seconds
Number of updated asset objects reloaded before import = 0Number of asset objects unloaded after import = 0

========================================================================
Received Import Request.
  Time since last request: 0.000050 seconds.
  path: Assets/3rdParty/Polygon Arsenal/Models/PolyCurvedPlane.FBX
  artifactKey: Guid(75c429168714fd048bd04f562d6c3c08) Importer(815301076,1909f56bfc062723c751e8b465ee728b)
Start importing Assets/3rdParty/Polygon Arsenal/Models/PolyCurvedPlane.FBX using Guid(75c429168714fd048bd04f562d6c3c08) Importer(815301076,1909f56bfc062723c751e8b465ee728b) (PreviewImporter) -> (artifact id: 'ce92a126b35da598db24fb80293d2f84') in 0.0288211 seconds
Number of updated asset objects reloaded before import = 0Number of asset objects unloaded after import = 7

========================================================================
Received Import Request.
  Time since last request: 0.000066 seconds.
  path: Assets/3rdParty/PolygonSciFiSpace/Materials/FX_Materials/FX_Bubbles.mat
  artifactKey: Guid(eb9451ded980d934ba8a3465b8d4e4c5) Importer(815301076,1909f56bfc062723c751e8b465ee728b)
Start importing Assets/3rdParty/PolygonSciFiSpace/Materials/FX_Materials/FX_Bubbles.mat using Guid(eb9451ded980d934ba8a3465b8d4e4c5) Importer(815301076,1909f56bfc062723c751e8b465ee728b) (PreviewImporter) -> (artifact id: '2dfd7ab63e423b68b9337a77fdf71aa4') in 6.1452147 seconds
Number of updated asset objects reloaded before import = 0Number of asset objects unloaded after import = 1

========================================================================
Received Import Request.
  Time since last request: 0.000044 seconds.
  path: Assets/3rdParty/Polygon Arsenal/Demo/Models/PolyCrate01.FBX
  artifactKey: Guid(942f99d4b06be6c47bdf8e94ce36b6ca) Importer(815301076,1909f56bfc062723c751e8b465ee728b)
Start importing Assets/3rdParty/Polygon Arsenal/Demo/Models/PolyCrate01.FBX using Guid(942f99d4b06be6c47bdf8e94ce36b6ca) Importer(815301076,1909f56bfc062723c751e8b465ee728b) (PreviewImporter) -> (artifact id: '261170be817463a8d3349477728537ce') in 0.0784824 seconds
Number of updated asset objects reloaded before import = 0Number of asset objects unloaded after import = 10

========================================================================
Received Import Request.
  Time since last request: 0.000071 seconds.
  path: Assets/Samples/Universal Render Pipeline/17.2.0/URP Package Samples/RendererFeatures/DepthBlit/DepthEdge.shadergraph
  artifactKey: Guid(9e1c10b4fa3ac354fa9fe28ddd726d0e) Importer(815301076,1909f56bfc062723c751e8b465ee728b)
Start importing Assets/Samples/Universal Render Pipeline/17.2.0/URP Package Samples/RendererFeatures/DepthBlit/DepthEdge.shadergraph using Guid(9e1c10b4fa3ac354fa9fe28ddd726d0e) Importer(815301076,1909f56bfc062723c751e8b465ee728b) (PreviewImporter) -> (artifact id: 'f73c53eb1e9ba5f79db2e981f557116e') in 0.3911057 seconds
Number of updated asset objects reloaded before import = 0Number of asset objects unloaded after import = 2

========================================================================
Received Import Request.
  Time since last request: 0.000069 seconds.
  path: Assets/Samples/Universal Render Pipeline/17.2.0/URP Package Samples/RendererFeatures/TrailEffect/DepthNormal.mat
  artifactKey: Guid(81575f7a6ac8d4be4b099acee34e7d76) Importer(815301076,1909f56bfc062723c751e8b465ee728b)
Start importing Assets/Samples/Universal Render Pipeline/17.2.0/URP Package Samples/RendererFeatures/TrailEffect/DepthNormal.mat using Guid(81575f7a6ac8d4be4b099acee34e7d76) Importer(815301076,1909f56bfc062723c751e8b465ee728b) (PreviewImporter) -> (artifact id: 'fde46d25554b92f4e34c07a6409d2961') in 0.8127658 seconds
Number of updated asset objects reloaded before import = 0Number of asset objects unloaded after import = 6

========================================================================
Received Import Request.
  Time since last request: 0.000057 seconds.
  path: Packages/com.unity.render-pipelines.universal/Shaders/AutodeskInteractive/AutodeskInteractiveTransparent.shadergraph
  artifactKey: Guid(5c81372d981403744adbdda4433c9c11) Importer(815301076,1909f56bfc062723c751e8b465ee728b)
Start importing Packages/com.unity.render-pipelines.universal/Shaders/AutodeskInteractive/AutodeskInteractiveTransparent.shadergraph using Guid(5c81372d981403744adbdda4433c9c11) Importer(815301076,1909f56bfc062723c751e8b465ee728b) (PreviewImporter) -> (artifact id: '063b90185f3af3cfb7f8ef2a404500f2') in 6.6349881 seconds
Number of updated asset objects reloaded before import = 0Number of asset objects unloaded after import = 0

========================================================================
Received Import Request.
  Time since last request: 0.000063 seconds.
  path: Assets/TextMesh Pro/Sprites/EmojiOne.png
  artifactKey: Guid(dffef66376be4fa480fb02b19edbe903) Importer(815301076,1909f56bfc062723c751e8b465ee728b)
Start importing Assets/TextMesh Pro/Sprites/EmojiOne.png using Guid(dffef66376be4fa480fb02b19edbe903) Importer(815301076,1909f56bfc062723c751e8b465ee728b) (PreviewImporter) -> (artifact id: 'cf72d6ecab533361d9c0b21ef2cdac51') in 0.0333456 seconds
Number of updated asset objects reloaded before import = 0Number of asset objects unloaded after import = 2

========================================================================
Received Import Request.
  Time since last request: 0.000063 seconds.
  path: Assets/Samples/Universal Render Pipeline/17.2.0/URP Package Samples/RendererFeatures/BlitToRTHandle/BlitMaterial.mat
  artifactKey: Guid(4a5832e1b9e521e4b9aa0d33324bb745) Importer(815301076,1909f56bfc062723c751e8b465ee728b)
Start importing Assets/Samples/Universal Render Pipeline/17.2.0/URP Package Samples/RendererFeatures/BlitToRTHandle/BlitMaterial.mat using Guid(4a5832e1b9e521e4b9aa0d33324bb745) Importer(815301076,1909f56bfc062723c751e8b465ee728b) (PreviewImporter) -> (artifact id: '8cd04449b7cfb01abcbbbae8eaf28139') in 0.0303256 seconds
Number of updated asset objects reloaded before import = 0Number of asset objects unloaded after import = 2

========================================================================
Received Import Request.
  Time since last request: 0.000044 seconds.
  path: Packages/com.unity.searcher/Editor/Resources/FlatSkin/Font/Roboto-ThinItalic.ttf
  artifactKey: Guid(b2ea3b3f1765e544b9eb5bd1a93a91ce) Importer(815301076,1909f56bfc062723c751e8b465ee728b)
Start importing Packages/com.unity.searcher/Editor/Resources/FlatSkin/Font/Roboto-ThinItalic.ttf using Guid(b2ea3b3f1765e544b9eb5bd1a93a91ce) Importer(815301076,1909f56bfc062723c751e8b465ee728b) (PreviewImporter) -> (artifact id: 'ed8bc24af564af6b2fb7149dfde97a29') in 0.0162262 seconds
Number of updated asset objects reloaded before import = 0Number of asset objects unloaded after import = 4

========================================================================
Received Import Request.
  Time since last request: 0.000045 seconds.
  path: Assets/3rdParty/Polygon Arsenal/Models/PolyBoneRib.FBX
  artifactKey: Guid(a14ccf416022b6d4789f4cc7f870da92) Importer(815301076,1909f56bfc062723c751e8b465ee728b)
Start importing Assets/3rdParty/Polygon Arsenal/Models/PolyBoneRib.FBX using Guid(a14ccf416022b6d4789f4cc7f870da92) Importer(815301076,1909f56bfc062723c751e8b465ee728b) (PreviewImporter) -> (artifact id: 'a1d3a3b2c36c50a49e25a100481f70f3') in 0.0264635 seconds
Number of updated asset objects reloaded before import = 0Number of asset objects unloaded after import = 9

========================================================================
Received Import Request.
  Time since last request: 0.000085 seconds.
  path: Assets/3rdParty/PolygonSciFiSpace/Models/Characters.fbx
  artifactKey: Guid(c8c20564eb982f84a96a0d4d8e357cc5) Importer(815301076,1909f56bfc062723c751e8b465ee728b)
Start importing Assets/3rdParty/PolygonSciFiSpace/Models/Characters.fbx using Guid(c8c20564eb982f84a96a0d4d8e357cc5) Importer(815301076,1909f56bfc062723c751e8b465ee728b) (PreviewImporter) -> (artifact id: 'a2307dbdc16813d2fde737c5a940f7ef') in 0.4761113 seconds
Number of updated asset objects reloaded before import = 0Number of asset objects unloaded after import = 184

========================================================================
Received Import Request.
  Time since last request: 0.000089 seconds.
  path: Assets/Samples/Universal Render Pipeline/17.2.0/URP Package Samples/Shaders/Lit/Materials/BaseMap.mat
  artifactKey: Guid(81a7b3fb99e984cb0a7a85e94d32a98e) Importer(815301076,1909f56bfc062723c751e8b465ee728b)
Start importing Assets/Samples/Universal Render Pipeline/17.2.0/URP Package Samples/Shaders/Lit/Materials/BaseMap.mat using Guid(81a7b3fb99e984cb0a7a85e94d32a98e) Importer(815301076,1909f56bfc062723c751e8b465ee728b) (PreviewImporter) -> (artifact id: 'afbd27cf9dec479027406db554a5009b') in 0.0291418 seconds
Number of updated asset objects reloaded before import = 0Number of asset objects unloaded after import = 2

========================================================================
Received Import Request.
  Time since last request: 0.000067 seconds.
  path: Assets/3rdParty/AllIn13DShader/Demo/Models/DemoPuppet.fbx
  artifactKey: Guid(b857f63a7556d4e48b6a61a5ffd4696f) Importer(815301076,1909f56bfc062723c751e8b465ee728b)
Start importing Assets/3rdParty/AllIn13DShader/Demo/Models/DemoPuppet.fbx using Guid(b857f63a7556d4e48b6a61a5ffd4696f) Importer(815301076,1909f56bfc062723c751e8b465ee728b) (PreviewImporter) -> (artifact id: '4c51edeedbe226684e943a5c34e76f7f') in 0.1134386 seconds
Number of updated asset objects reloaded before import = 0Number of asset objects unloaded after import = 160

========================================================================
Received Import Request.
  Time since last request: 0.000047 seconds.
  path: Assets/3rdParty/Polygon Arsenal/Models/PolyCoinLow.FBX
  artifactKey: Guid(55c9163d4a6ea4b49b1e187d80ff017b) Importer(815301076,1909f56bfc062723c751e8b465ee728b)
Start importing Assets/3rdParty/Polygon Arsenal/Models/PolyCoinLow.FBX using Guid(55c9163d4a6ea4b49b1e187d80ff017b) Importer(815301076,1909f56bfc062723c751e8b465ee728b) (PreviewImporter) -> (artifact id: 'e689705805033259aa24fffbad6d77ec') in 0.0319446 seconds
Number of updated asset objects reloaded before import = 0Number of asset objects unloaded after import = 7

========================================================================
Received Import Request.
  Time since last request: 0.000064 seconds.
  path: Assets/3rdParty/PolygonSciFiSpace/Materials/FX_Materials/FX_HUD.mat
  artifactKey: Guid(16979365a2f31f543847bd8b1d3dee73) Importer(815301076,1909f56bfc062723c751e8b465ee728b)
Start importing Assets/3rdParty/PolygonSciFiSpace/Materials/FX_Materials/FX_HUD.mat using Guid(16979365a2f31f543847bd8b1d3dee73) Importer(815301076,1909f56bfc062723c751e8b465ee728b) (PreviewImporter) -> (artifact id: '62bc68fd3e29d0018e8eb280683a18b2') in 5.7285929 seconds
Number of updated asset objects reloaded before import = 0Number of asset objects unloaded after import = 1

========================================================================
Received Import Request.
  Time since last request: 7.258273 seconds.
  path: Assets/Game/Materials
  artifactKey: Guid(2ddd39ca26dd54e0d9dff0f6073e8d10) Importer(815301076,1909f56bfc062723c751e8b465ee728b)
Start importing Assets/Game/Materials using Guid(2ddd39ca26dd54e0d9dff0f6073e8d10) Importer(815301076,1909f56bfc062723c751e8b465ee728b) (PreviewImporter) -> (artifact id: 'df1ba665fe2837d71bf536b642599fde') in 0.001108 seconds
Number of updated asset objects reloaded before import = 0Number of asset objects unloaded after import = 0

========================================================================
Received Import Request.
  Time since last request: 2.940307 seconds.
  path: Assets/3rdParty/PolygonSciFiSpace/Textures/FX_Textures/PolygonSciFiSpace_Skybox_04_Front.png
  artifactKey: Guid(78a97482d0091f14faf85c09875717ec) Importer(815301076,1909f56bfc062723c751e8b465ee728b)
Start importing Assets/3rdParty/PolygonSciFiSpace/Textures/FX_Textures/PolygonSciFiSpace_Skybox_04_Front.png using Guid(78a97482d0091f14faf85c09875717ec) Importer(815301076,1909f56bfc062723c751e8b465ee728b) (PreviewImporter) -> (artifact id: 'a44735266694cc862899dfebc6392ac3') in 0.0398199 seconds
Number of updated asset objects reloaded before import = 0Number of asset objects unloaded after import = 2

========================================================================
Received Import Request.
  Time since last request: 0.000037 seconds.
  path: Assets/3rdParty/PolygonSciFiSpace/Textures/FX_Textures/PolygonSciFiSpace_Skybox_04_Down.png
  artifactKey: Guid(8b0e5236251cce34b8df052440f0bbee) Importer(815301076,1909f56bfc062723c751e8b465ee728b)
Start importing Assets/3rdParty/PolygonSciFiSpace/Textures/FX_Textures/PolygonSciFiSpace_Skybox_04_Down.png using Guid(8b0e5236251cce34b8df052440f0bbee) Importer(815301076,1909f56bfc062723c751e8b465ee728b) (PreviewImporter) -> (artifact id: 'bf77d64169ac6bd9a9e69c4aa4779afd') in 0.0315536 seconds
Number of updated asset objects reloaded before import = 0Number of asset objects unloaded after import = 2

========================================================================
Received Import Request.
  Time since last request: 6.907677 seconds.
  path: Assets/Game/Scripts/GameObjects/Bullet/Pool.cs
  artifactKey: Guid(d1b64b39bad24a747af76c5d9a2cb037) Importer(2089858483,192608db42251d675da83286b1cce702)
Start importing Assets/Game/Scripts/GameObjects/Bullet/Pool.cs using Guid(d1b64b39bad24a747af76c5d9a2cb037) Importer(2089858483,192608db42251d675da83286b1cce702) (ScriptedImporter) -> (artifact id: '0e0538cff233b2c9754b3cb1f121540a') in 0.1443873 seconds
Number of updated asset objects reloaded before import = 0Number of asset objects unloaded after import = 0

========================================================================
Received Import Request.
  Time since last request: 0.000046 seconds.
  path: Assets/Game/Scripts/System/Enemy/Enemy.cs
  artifactKey: Guid(e09a324f54d94d6e84681731f36566c4) Importer(2089858483,192608db42251d675da83286b1cce702)
Start importing Assets/Game/Scripts/System/Enemy/Enemy.cs using Guid(e09a324f54d94d6e84681731f36566c4) Importer(2089858483,192608db42251d675da83286b1cce702) (ScriptedImporter) -> (artifact id: '6c1953ef927fbb1dbbab78b5f8a51f0c') in 0.0167276 seconds
Number of updated asset objects reloaded before import = 0Number of asset objects unloaded after import = 0

========================================================================
Received Import Request.
  Time since last request: 0.000053 seconds.
  path: Assets/Game/Scripts/GameObjects/Components/MotorComponentView.cs
  artifactKey: Guid(cf16e968cc133434090b2aa7fe9a4260) Importer(2089858483,192608db42251d675da83286b1cce702)
Start importing Assets/Game/Scripts/GameObjects/Components/MotorComponentView.cs using Guid(cf16e968cc133434090b2aa7fe9a4260) Importer(2089858483,192608db42251d675da83286b1cce702) (ScriptedImporter) -> (artifact id: 'bd912890234182c1660765541a762360') in 0.0156949 seconds
Number of updated asset objects reloaded before import = 0Number of asset objects unloaded after import = 0

========================================================================
Received Import Request.
  Time since last request: 0.000037 seconds.
  path: Assets/Game/Scripts/System/Enemy/CooldownConfig.cs
  artifactKey: Guid(9aaef5f28c0ec8441ac859bfa52ecf2a) Importer(2089858483,192608db42251d675da83286b1cce702)
Start importing Assets/Game/Scripts/System/Enemy/CooldownConfig.cs using Guid(9aaef5f28c0ec8441ac859bfa52ecf2a) Importer(2089858483,192608db42251d675da83286b1cce702) (ScriptedImporter) -> (artifact id: '6aca226184dda0e64a7b2ae77b4cc994') in 0.0189524 seconds
Number of updated asset objects reloaded before import = 0Number of asset objects unloaded after import = 0

========================================================================
Received Import Request.
  Time since last request: 0.000042 seconds.
  path: Assets/Game/Scripts/GameObjects/Bullet/BulletConfig.cs
  artifactKey: Guid(22454eb891ef1dd49a425f17f6baf29e) Importer(2089858483,192608db42251d675da83286b1cce702)
Start importing Assets/Game/Scripts/GameObjects/Bullet/BulletConfig.cs using Guid(22454eb891ef1dd49a425f17f6baf29e) Importer(2089858483,192608db42251d675da83286b1cce702) (ScriptedImporter) -> (artifact id: '47dfd8b3d0d924f79d846e426a0615db') in 0.0153739 seconds
Number of updated asset objects reloaded before import = 0Number of asset objects unloaded after import = 0

========================================================================
Received Import Request.
  Time since last request: 0.000059 seconds.
  path: Assets/Game/Scripts/System/Enemy/EnemySpawner.cs
  artifactKey: Guid(a7fb73dac64ee4b408394db89b97519e) Importer(2089858483,192608db42251d675da83286b1cce702)
Start importing Assets/Game/Scripts/System/Enemy/EnemySpawner.cs using Guid(a7fb73dac64ee4b408394db89b97519e) Importer(2089858483,192608db42251d675da83286b1cce702) (ScriptedImporter) -> (artifact id: '6a1f3a4b7de37164ff89e9f2debe5875') in 0.0147618 seconds
Number of updated asset objects reloaded before import = 0Number of asset objects unloaded after import = 0

========================================================================
Received Import Request.
  Time since last request: 0.000035 seconds.
  path: Assets/Game/Scripts/UI/CameraUIController.cs
  artifactKey: Guid(8197384a5cfc3314f94bf973eab558fa) Importer(2089858483,192608db42251d675da83286b1cce702)
Start importing Assets/Game/Scripts/UI/CameraUIController.cs using Guid(8197384a5cfc3314f94bf973eab558fa) Importer(2089858483,192608db42251d675da83286b1cce702) (ScriptedImporter) -> (artifact id: '5c81563ddeb40448245560dc5e46f5e6') in 0.0163151 seconds
Number of updated asset objects reloaded before import = 0Number of asset objects unloaded after import = 0

========================================================================
Received Import Request.
  Time since last request: 0.000051 seconds.
  path: Assets/Game/Scripts/GameObjects/Components/Fire.cs
  artifactKey: Guid(82a8b38ce821c414d8257a6c4d70c6e8) Importer(2089858483,192608db42251d675da83286b1cce702)
Start importing Assets/Game/Scripts/GameObjects/Components/Fire.cs using Guid(82a8b38ce821c414d8257a6c4d70c6e8) Importer(2089858483,192608db42251d675da83286b1cce702) (ScriptedImporter) -> (artifact id: '0bfa89edb05f15b1ba6a93aec7ae0498') in 0.0159343 seconds
Number of updated asset objects reloaded before import = 0Number of asset objects unloaded after import = 0

========================================================================
Received Import Request.
  Time since last request: 0.000058 seconds.
  path: Assets/Game/Scripts/GameObjects/Components/FireComponentView.cs
  artifactKey: Guid(a7cd3e7c20dd9004bb8c5e8c02d98ef8) Importer(2089858483,192608db42251d675da83286b1cce702)
Start importing Assets/Game/Scripts/GameObjects/Components/FireComponentView.cs using Guid(a7cd3e7c20dd9004bb8c5e8c02d98ef8) Importer(2089858483,192608db42251d675da83286b1cce702) (ScriptedImporter) -> (artifact id: '0243ccb14c0e9c875e3c68f9972c7604') in 0.0158197 seconds
Number of updated asset objects reloaded before import = 0Number of asset objects unloaded after import = 0

========================================================================
Received Import Request.
  Time since last request: 12.721193 seconds.
  path: Assets/Game/Sprits
  artifactKey: Guid(5a9f4024f84501f44b22d83e550a6b9a) Importer(815301076,1909f56bfc062723c751e8b465ee728b)
Start importing Assets/Game/Sprits using Guid(5a9f4024f84501f44b22d83e550a6b9a) Importer(815301076,1909f56bfc062723c751e8b465ee728b) (PreviewImporter) -> (artifact id: 'd6981d2d0416a81263225ea1b94811c7') in 0.0008986 seconds
Number of updated asset objects reloaded before import = 0Number of asset objects unloaded after import = 0

========================================================================
Received Import Request.
  Time since last request: 0.821003 seconds.
  path: Assets/Game/Sprits
  artifactKey: Guid(5a9f4024f84501f44b22d83e550a6b9a) Importer(2089858483,192608db42251d675da83286b1cce702)
Start importing Assets/Game/Sprits using Guid(5a9f4024f84501f44b22d83e550a6b9a) Importer(2089858483,192608db42251d675da83286b1cce702) (ScriptedImporter) -> (artifact id: '3a28f64a677034592c3b72954036b380') in 0.0205043 seconds
Number of updated asset objects reloaded before import = 0Number of asset objects unloaded after import = 1

========================================================================
Received Import Request.
  Time since last request: 17.627169 seconds.
  path: Assets/Game/Sprites
  artifactKey: Guid(5a9f4024f84501f44b22d83e550a6b9a) Importer(815301076,1909f56bfc062723c751e8b465ee728b)
Start importing Assets/Game/Sprites using Guid(5a9f4024f84501f44b22d83e550a6b9a) Importer(815301076,1909f56bfc062723c751e8b465ee728b) (PreviewImporter) -> (artifact id: '17cca4f56897f1afb4135a0380924381') in 0.0017666 seconds
Number of updated asset objects reloaded before import = 0Number of asset objects unloaded after import = 0

========================================================================
Received Import Request.
  Time since last request: 0.821545 seconds.
  path: Assets/Game/Sprites
  artifactKey: Guid(5a9f4024f84501f44b22d83e550a6b9a) Importer(2089858483,192608db42251d675da83286b1cce702)
Start importing Assets/Game/Sprites using Guid(5a9f4024f84501f44b22d83e550a6b9a) Importer(2089858483,192608db42251d675da83286b1cce702) (ScriptedImporter) -> (artifact id: '027f8f6a0aae46cfd56c00b91d3d9b42') in 0.0196373 seconds
Number of updated asset objects reloaded before import = 0Number of asset objects unloaded after import = 1

========================================================================
Received Import Request.
  Time since last request: 29.919661 seconds.
  path: Assets/Game/Sprites/4-54-scaled.webp
  artifactKey: Guid(07d71afa3f7527e4d865f4e90d3e4389) Importer(2089858483,192608db42251d675da83286b1cce702)
Start importing Assets/Game/Sprites/4-54-scaled.webp using Guid(07d71afa3f7527e4d865f4e90d3e4389) Importer(2089858483,192608db42251d675da83286b1cce702) (ScriptedImporter) -> (artifact id: '09731b7a48bfcfb659f6e88f3d2999ad') in 0.0199803 seconds
Number of updated asset objects reloaded before import = 0Number of asset objects unloaded after import = 1

========================================================================
Received Import Request.
  Time since last request: 0.020607 seconds.
  path: Assets/Game/Sprites/4-54-scaled.webp
  artifactKey: Guid(07d71afa3f7527e4d865f4e90d3e4389) Importer(815301076,1909f56bfc062723c751e8b465ee728b)
Start importing Assets/Game/Sprites/4-54-scaled.webp using Guid(07d71afa3f7527e4d865f4e90d3e4389) Importer(815301076,1909f56bfc062723c751e8b465ee728b) (PreviewImporter) -> (artifact id: '308db2b5e0c8a2cac09ce28006cfda0d') in 0.0020832 seconds
Number of updated asset objects reloaded before import = 0Number of asset objects unloaded after import = 1

========================================================================
Received Import Request.
  Time since last request: 67.415548 seconds.
  path: Assets/Game/Sprites/EndCat.jpg
  artifactKey: Guid(31080230d17cb554fb48fc3fe8965409) Importer(815301076,1909f56bfc062723c751e8b465ee728b)
Start importing Assets/Game/Sprites/EndCat.jpg using Guid(31080230d17cb554fb48fc3fe8965409) Importer(815301076,1909f56bfc062723c751e8b465ee728b) (PreviewImporter) -> (artifact id: '35ed963d0a3ea7c80f8abbc544689f94') in 0.0212308 seconds
Number of updated asset objects reloaded before import = 0Number of asset objects unloaded after import = 2

========================================================================
Received Import Request.
  Time since last request: 0.924084 seconds.
  path: Assets/Game/Sprites/EndCat.jpg
  artifactKey: Guid(31080230d17cb554fb48fc3fe8965409) Importer(2089858483,192608db42251d675da83286b1cce702)
Start importing Assets/Game/Sprites/EndCat.jpg using Guid(31080230d17cb554fb48fc3fe8965409) Importer(2089858483,192608db42251d675da83286b1cce702) (ScriptedImporter) -> (artifact id: '1725c8d8d39628e22e4de30b644a51e9') in 0.0974945 seconds
Number of updated asset objects reloaded before import = 0Number of asset objects unloaded after import = 1

========================================================================
Received Import Request.
  Time since last request: 10.499566 seconds.
  path: Assets/Game/Sprites/EndCat.jpg
  artifactKey: Guid(31080230d17cb554fb48fc3fe8965409) Importer(815301076,1909f56bfc062723c751e8b465ee728b)
Start importing Assets/Game/Sprites/EndCat.jpg using Guid(31080230d17cb554fb48fc3fe8965409) Importer(815301076,1909f56bfc062723c751e8b465ee728b) (PreviewImporter) -> (artifact id: 'ceca340c2d94081e2cd4119265b28871') in 0.0658953 seconds
Number of updated asset objects reloaded before import = 0Number of asset objects unloaded after import = 3

========================================================================
Received Prepare
Begin MonoManager ReloadAssembly
[Licensing::Client] Successfully resolved entitlement details
[Licensing::Module] License group:
  Id: F4-GBTE-X4VW-QSVG-B2WS-XXXX
  Product: Unity Personal
  Type: ULF
  Expiration: Unlimited
[Licensing::Module] License group:
  Id: 10171100142060-UnityPersXXXX
  Product: Unity Personal
  Type: Assigned
  Expiration: Unlimited
- Loaded All Assemblies, in  1.427 seconds
Refreshing native plugins compatible for Editor in 4.02 ms, found 7 plugins.
Native extension for WindowsStandalone target not found
[Package Manager] Failed to launch server process. Reason: Unity was launched with the -noUpm command-line argument
[Package Manager] Unable to send message (not connected to server process).
[Package Manager] Cannot connect to Unity Package Manager local server
Mono: successfully reloaded assembly
- Finished resetting the current domain, in  1.871 seconds
Domain Reload Profiling: 3295ms
	BeginReloadAssembly (480ms)
		ExecutionOrderSort (0ms)
		DisableScriptedObjects (37ms)
		BackupInstance (0ms)
		ReleaseScriptingObjects (0ms)
		CreateAndSetChildDomain (154ms)
	RebuildCommonClasses (60ms)
	RebuildNativeTypeToScriptingClass (23ms)
	initialDomainReloadingComplete (49ms)
	LoadAllAssembliesAndSetupDomain (811ms)
		LoadAssemblies (689ms)
		RebuildTransferFunctionScriptingTraits (0ms)
		AnalyzeDomain (309ms)
			TypeCache.Refresh (13ms)
				TypeCache.ScanAssembly (1ms)
			BuildScriptInfoCaches (273ms)
			ResolveRequiredComponents (18ms)
	FinalizeReload (1872ms)
		ReleaseScriptCaches (0ms)
		RebuildScriptCaches (0ms)
		SetupLoadedEditorAssemblies (1611ms)
			LogAssemblyErrors (0ms)
			InitializePlatformSupportModulesInManaged (2ms)
			SetLoadedEditorAssemblies (5ms)
			BeforeProcessingInitializeOnLoad (206ms)
			ProcessInitializeOnLoadAttributes (741ms)
			ProcessInitializeOnLoadMethodAttributes (647ms)
			AfterProcessingInitializeOnLoad (10ms)
			EditorAssembliesLoaded (0ms)
		ExecutionOrderSort2 (0ms)
		AwakeInstancesAfterBackupRestoration (24ms)
Refreshing native plugins compatible for Editor in 4.29 ms, found 7 plugins.
Preloading 0 native plugins for Editor in 0.00 ms.
Unloading 18 Unused Serialized files (Serialized files now loaded: 0)
Unloading 6505 unused Assets / (5.0 MB). Loaded Objects now: 7368.
Memory consumption went from 173.4 MB to 168.4 MB.
Total: 12.473800 ms (FindLiveObjects: 0.917500 ms CreateObjectMapping: 0.734800 ms MarkObjects: 7.840700 ms  DeleteObjects: 2.979100 ms)

Prepare: number of updated asset objects reloaded= 0
========================================================================
Received Prepare
Begin MonoManager ReloadAssembly
[Licensing::Client] Successfully resolved entitlement details
[Licensing::Module] License group:
  Id: F4-GBTE-X4VW-QSVG-B2WS-XXXX
  Product: Unity Personal
  Type: ULF
  Expiration: Unlimited
[Licensing::Module] License group:
  Id: 10171100142060-UnityPersXXXX
  Product: Unity Personal
  Type: Assigned
  Expiration: Unlimited
- Loaded All Assemblies, in  1.308 seconds
Refreshing native plugins compatible for Editor in 4.86 ms, found 7 plugins.
Native extension for WindowsStandalone target not found
[Package Manager] Failed to launch server process. Reason: Unity was launched with the -noUpm command-line argument
[Package Manager] Unable to send message (not connected to server process).
[Package Manager] Cannot connect to Unity Package Manager local server
Mono: successfully reloaded assembly
- Finished resetting the current domain, in  1.871 seconds
Domain Reload Profiling: 3172ms
	BeginReloadAssembly (409ms)
		ExecutionOrderSort (0ms)
		DisableScriptedObjects (11ms)
		BackupInstance (0ms)
		ReleaseScriptingObjects (0ms)
		CreateAndSetChildDomain (83ms)
	RebuildCommonClasses (53ms)
	RebuildNativeTypeToScriptingClass (20ms)
	initialDomainReloadingComplete (45ms)
	LoadAllAssembliesAndSetupDomain (774ms)
		LoadAssemblies (678ms)
		RebuildTransferFunctionScriptingTraits (0ms)
		AnalyzeDomain (286ms)
			TypeCache.Refresh (9ms)
				TypeCache.ScanAssembly (0ms)
			BuildScriptInfoCaches (251ms)
			ResolveRequiredComponents (18ms)
	FinalizeReload (1871ms)
		ReleaseScriptCaches (0ms)
		RebuildScriptCaches (0ms)
		SetupLoadedEditorAssemblies (1627ms)
			LogAssemblyErrors (0ms)
			InitializePlatformSupportModulesInManaged (3ms)
			SetLoadedEditorAssemblies (7ms)
			BeforeProcessingInitializeOnLoad (207ms)
			ProcessInitializeOnLoadAttributes (718ms)
			ProcessInitializeOnLoadMethodAttributes (680ms)
			AfterProcessingInitializeOnLoad (10ms)
			EditorAssembliesLoaded (1ms)
		ExecutionOrderSort2 (0ms)
		AwakeInstancesAfterBackupRestoration (24ms)
Refreshing native plugins compatible for Editor in 4.30 ms, found 7 plugins.
Preloading 0 native plugins for Editor in 0.00 ms.
Unloading 13 Unused Serialized files (Serialized files now loaded: 0)
Unloading 6496 unused Assets / (4.5 MB). Loaded Objects now: 7371.
Memory consumption went from 171.8 MB to 167.2 MB.
Total: 10.902900 ms (FindLiveObjects: 1.048900 ms CreateObjectMapping: 1.156700 ms MarkObjects: 6.038600 ms  DeleteObjects: 2.657500 ms)

Prepare: number of updated asset objects reloaded= 0
========================================================================
Received Prepare
Refreshing native plugins compatible for Editor in 4.45 ms, found 7 plugins.
Preloading 0 native plugins for Editor in 0.00 ms.
Unloading 13 Unused Serialized files (Serialized files now loaded: 0)
Unloading 6479 unused Assets / (5.0 MB). Loaded Objects now: 7371.
Memory consumption went from 171.9 MB to 166.8 MB.
Total: 15.609000 ms (FindLiveObjects: 1.485200 ms CreateObjectMapping: 1.329300 ms MarkObjects: 8.651600 ms  DeleteObjects: 4.140900 ms)

Prepare: number of updated asset objects reloaded= 0
========================================================================
Received Prepare
Begin MonoManager ReloadAssembly
[Licensing::Client] Successfully resolved entitlement details
[Licensing::Module] License group:
  Id: F4-GBTE-X4VW-QSVG-B2WS-XXXX
  Product: Unity Personal
  Type: ULF
  Expiration: Unlimited
[Licensing::Module] License group:
  Id: 10171100142060-UnityPersXXXX
  Product: Unity Personal
  Type: Assigned
  Expiration: Unlimited
- Loaded All Assemblies, in  1.324 seconds
Refreshing native plugins compatible for Editor in 4.84 ms, found 7 plugins.
Native extension for WindowsStandalone target not found
[Package Manager] Failed to launch server process. Reason: Unity was launched with the -noUpm command-line argument
[Package Manager] Unable to send message (not connected to server process).
[Package Manager] Cannot connect to Unity Package Manager local server
Mono: successfully reloaded assembly
- Finished resetting the current domain, in  1.853 seconds
Domain Reload Profiling: 3171ms
	BeginReloadAssembly (398ms)
		ExecutionOrderSort (0ms)
		DisableScriptedObjects (14ms)
		BackupInstance (0ms)
		ReleaseScriptingObjects (0ms)
		CreateAndSetChildDomain (91ms)
	RebuildCommonClasses (60ms)
	RebuildNativeTypeToScriptingClass (23ms)
	initialDomainReloadingComplete (51ms)
	LoadAllAssembliesAndSetupDomain (785ms)
		LoadAssemblies (697ms)
		RebuildTransferFunctionScriptingTraits (0ms)
		AnalyzeDomain (285ms)
			TypeCache.Refresh (13ms)
				TypeCache.ScanAssembly (1ms)
			BuildScriptInfoCaches (248ms)
			ResolveRequiredComponents (18ms)
	FinalizeReload (1854ms)
		ReleaseScriptCaches (0ms)
		RebuildScriptCaches (0ms)
		SetupLoadedEditorAssemblies (1619ms)
			LogAssemblyErrors (0ms)
			InitializePlatformSupportModulesInManaged (2ms)
			SetLoadedEditorAssemblies (5ms)
			BeforeProcessingInitializeOnLoad (215ms)
			ProcessInitializeOnLoadAttributes (744ms)
			ProcessInitializeOnLoadMethodAttributes (643ms)
			AfterProcessingInitializeOnLoad (10ms)
			EditorAssembliesLoaded (0ms)
		ExecutionOrderSort2 (0ms)
		AwakeInstancesAfterBackupRestoration (24ms)
Refreshing native plugins compatible for Editor in 4.27 ms, found 7 plugins.
Preloading 0 native plugins for Editor in 0.00 ms.
Unloading 13 Unused Serialized files (Serialized files now loaded: 0)
Unloading 6496 unused Assets / (4.5 MB). Loaded Objects now: 7374.
Memory consumption went from 171.8 MB to 167.3 MB.
Total: 11.491900 ms (FindLiveObjects: 0.943600 ms CreateObjectMapping: 0.980700 ms MarkObjects: 6.892100 ms  DeleteObjects: 2.673500 ms)

Prepare: number of updated asset objects reloaded= 0
========================================================================
Received Prepare
Begin MonoManager ReloadAssembly
- Loaded All Assemblies, in  1.236 seconds
Refreshing native plugins compatible for Editor in 4.11 ms, found 7 plugins.
Native extension for WindowsStandalone target not found
[Package Manager] Failed to launch server process. Reason: Unity was launched with the -noUpm command-line argument
[Package Manager] Unable to send message (not connected to server process).
[Package Manager] Cannot connect to Unity Package Manager local server
Mono: successfully reloaded assembly
- Finished resetting the current domain, in  1.821 seconds
Domain Reload Profiling: 3054ms
	BeginReloadAssembly (321ms)
		ExecutionOrderSort (0ms)
		DisableScriptedObjects (10ms)
		BackupInstance (0ms)
		ReleaseScriptingObjects (0ms)
		CreateAndSetChildDomain (71ms)
	RebuildCommonClasses (59ms)
	RebuildNativeTypeToScriptingClass (20ms)
	initialDomainReloadingComplete (47ms)
	LoadAllAssembliesAndSetupDomain (784ms)
		LoadAssemblies (661ms)
		RebuildTransferFunctionScriptingTraits (0ms)
		AnalyzeDomain (282ms)
			TypeCache.Refresh (9ms)
				TypeCache.ScanAssembly (0ms)
			BuildScriptInfoCaches (249ms)
			ResolveRequiredComponents (17ms)
	FinalizeReload (1822ms)
		ReleaseScriptCaches (0ms)
		RebuildScriptCaches (0ms)
		SetupLoadedEditorAssemblies (1574ms)
			LogAssemblyErrors (0ms)
			InitializePlatformSupportModulesInManaged (3ms)
			SetLoadedEditorAssemblies (5ms)
			BeforeProcessingInitializeOnLoad (205ms)
			ProcessInitializeOnLoadAttributes (692ms)
			ProcessInitializeOnLoadMethodAttributes (655ms)
			AfterProcessingInitializeOnLoad (14ms)
			EditorAssembliesLoaded (1ms)
		ExecutionOrderSort2 (0ms)
		AwakeInstancesAfterBackupRestoration (28ms)
Refreshing native plugins compatible for Editor in 6.40 ms, found 7 plugins.
Preloading 0 native plugins for Editor in 0.00 ms.
Unloading 13 Unused Serialized files (Serialized files now loaded: 0)
Unloading 6496 unused Assets / (4.9 MB). Loaded Objects now: 7377.
Memory consumption went from 171.9 MB to 167.0 MB.
Total: 11.159400 ms (FindLiveObjects: 0.930100 ms CreateObjectMapping: 0.702700 ms MarkObjects: 6.031800 ms  DeleteObjects: 3.493100 ms)

Prepare: number of updated asset objects reloaded= 0
========================================================================
Received Prepare
Begin MonoManager ReloadAssembly
[Licensing::Client] Successfully resolved entitlement details
[Licensing::Module] License group:
  Id: F4-GBTE-X4VW-QSVG-B2WS-XXXX
  Product: Unity Personal
  Type: ULF
  Expiration: Unlimited
[Licensing::Module] License group:
  Id: 10171100142060-UnityPersXXXX
  Product: Unity Personal
  Type: Assigned
  Expiration: Unlimited
- Loaded All Assemblies, in  1.292 seconds
Refreshing native plugins compatible for Editor in 6.41 ms, found 7 plugins.
Native extension for WindowsStandalone target not found
[Package Manager] Failed to launch server process. Reason: Unity was launched with the -noUpm command-line argument
[Package Manager] Unable to send message (not connected to server process).
[Package Manager] Cannot connect to Unity Package Manager local server
Mono: successfully reloaded assembly
- Finished resetting the current domain, in  1.796 seconds
Domain Reload Profiling: 3084ms
	BeginReloadAssembly (348ms)
		ExecutionOrderSort (0ms)
		DisableScriptedObjects (12ms)
		BackupInstance (0ms)
		ReleaseScriptingObjects (0ms)
		CreateAndSetChildDomain (78ms)
	RebuildCommonClasses (65ms)
	RebuildNativeTypeToScriptingClass (22ms)
	initialDomainReloadingComplete (55ms)
	LoadAllAssembliesAndSetupDomain (797ms)
		LoadAssemblies (692ms)
		RebuildTransferFunctionScriptingTraits (0ms)
		AnalyzeDomain (276ms)
			TypeCache.Refresh (11ms)
				TypeCache.ScanAssembly (0ms)
			BuildScriptInfoCaches (242ms)
			ResolveRequiredComponents (17ms)
	FinalizeReload (1797ms)
		ReleaseScriptCaches (0ms)
		RebuildScriptCaches (0ms)
		SetupLoadedEditorAssemblies (1559ms)
			LogAssemblyErrors (0ms)
			InitializePlatformSupportModulesInManaged (2ms)
			SetLoadedEditorAssemblies (5ms)
			BeforeProcessingInitializeOnLoad (202ms)
			ProcessInitializeOnLoadAttributes (701ms)
			ProcessInitializeOnLoadMethodAttributes (637ms)
			AfterProcessingInitializeOnLoad (10ms)
			EditorAssembliesLoaded (0ms)
		ExecutionOrderSort2 (0ms)
		AwakeInstancesAfterBackupRestoration (25ms)
Refreshing native plugins compatible for Editor in 6.67 ms, found 7 plugins.
Preloading 0 native plugins for Editor in 0.00 ms.
Unloading 13 Unused Serialized files (Serialized files now loaded: 0)
Unloading 6496 unused Assets / (4.6 MB). Loaded Objects now: 7380.
Memory consumption went from 171.9 MB to 167.3 MB.
Total: 16.437700 ms (FindLiveObjects: 1.089200 ms CreateObjectMapping: 1.528400 ms MarkObjects: 9.563800 ms  DeleteObjects: 4.254300 ms)

Prepare: number of updated asset objects reloaded= 0
========================================================================
Received Import Request.
  Time since last request: 1084.955704 seconds.
  path: Assets/Game/Prefabs/EnemyShip.prefab
  artifactKey: Guid(87fe189881a524806800482ac8eaaa83) Importer(815301076,1909f56bfc062723c751e8b465ee728b)
Start importing Assets/Game/Prefabs/EnemyShip.prefab using Guid(87fe189881a524806800482ac8eaaa83) Importer(815301076,1909f56bfc062723c751e8b465ee728b) (PreviewImporter) -> (artifact id: '294628aa08a3d328f9107ac9532102e7') in 0.9826465 seconds
Number of updated asset objects reloaded before import = 0Number of asset objects unloaded after import = 389

========================================================================
Received Import Request.
  Time since last request: 8.420891 seconds.
  path: Assets/Game/Scripts/UI/GameOverUIController.cs
  artifactKey: Guid(16e0837c6a05eac42adf190444eb5c8c) Importer(2089858483,192608db42251d675da83286b1cce702)
Start importing Assets/Game/Scripts/UI/GameOverUIController.cs using Guid(16e0837c6a05eac42adf190444eb5c8c) Importer(2089858483,192608db42251d675da83286b1cce702) (ScriptedImporter) -> (artifact id: '0feec30b4ce5c3563113e73c1a5a933e') in 0.1265255 seconds
Number of updated asset objects reloaded before import = 0Number of asset objects unloaded after import = 0

========================================================================
Received Import Request.
  Time since last request: 0.000049 seconds.
  path: Assets/Game/Scenes/Game.unity
  artifactKey: Guid(d2e36b1a96a117e4bab1fee5eae04aa3) Importer(2089858483,192608db42251d675da83286b1cce702)
Start importing Assets/Game/Scenes/Game.unity using Guid(d2e36b1a96a117e4bab1fee5eae04aa3) Importer(2089858483,192608db42251d675da83286b1cce702) (ScriptedImporter) -> (artifact id: 'e136fff79a90cdd72d856cf6c5b9e9a0') in 0.0235989 seconds
Number of updated asset objects reloaded before import = 0Number of asset objects unloaded after import = 1

========================================================================
Received Import Request.
  Time since last request: 7.250885 seconds.
  path: Assets/Game/Prefabs/_FirePoint_ 3.prefab
  artifactKey: Guid(e71e9362a5562d347b2a5506f7db80f3) Importer(815301076,1909f56bfc062723c751e8b465ee728b)
Start importing Assets/Game/Prefabs/_FirePoint_ 3.prefab using Guid(e71e9362a5562d347b2a5506f7db80f3) Importer(815301076,1909f56bfc062723c751e8b465ee728b) (PreviewImporter) -> (artifact id: '8c334ef653acd55273145980f1ec3f97') in 0.052376 seconds
Number of updated asset objects reloaded before import = 0Number of asset objects unloaded after import = 95

========================================================================
Received Import Request.
  Time since last request: 0.000036 seconds.
  path: Assets/Game/Prefabs/Player.prefab
  artifactKey: Guid(0446acb84a7c9424d841676cef3b1d04) Importer(815301076,1909f56bfc062723c751e8b465ee728b)
Start importing Assets/Game/Prefabs/Player.prefab using Guid(0446acb84a7c9424d841676cef3b1d04) Importer(815301076,1909f56bfc062723c751e8b465ee728b) (PreviewImporter) -> (artifact id: 'e6bfe26368e20c6f455a08a9132cbebb') in 0.0882747 seconds
Number of updated asset objects reloaded before import = 0Number of asset objects unloaded after import = 281

========================================================================
Received Import Request.
  Time since last request: 0.000050 seconds.
  path: Assets/Game/Prefabs/EnemyShip.prefab
  artifactKey: Guid(87fe189881a524806800482ac8eaaa83) Importer(815301076,1909f56bfc062723c751e8b465ee728b)
Start importing Assets/Game/Prefabs/EnemyShip.prefab using Guid(87fe189881a524806800482ac8eaaa83) Importer(815301076,1909f56bfc062723c751e8b465ee728b) (PreviewImporter) -> (artifact id: '34cba5ab7c316c063f62aa09d086dd32') in 0.1363303 seconds
Number of updated asset objects reloaded before import = 0Number of asset objects unloaded after import = 389

========================================================================
Received Import Request.
  Time since last request: 0.000072 seconds.
  path: Assets/Game/Prefabs/Pool.prefab
  artifactKey: Guid(2beba919ca32c6a4fb931a46097c2c67) Importer(815301076,1909f56bfc062723c751e8b465ee728b)
Start importing Assets/Game/Prefabs/Pool.prefab using Guid(2beba919ca32c6a4fb931a46097c2c67) Importer(815301076,1909f56bfc062723c751e8b465ee728b) (PreviewImporter) -> (artifact id: 'ab560540e78148d64903630d2b9420fc') in 0.0073546 seconds
Number of updated asset objects reloaded before import = 0Number of asset objects unloaded after import = 25

========================================================================
Received Import Request.
  Time since last request: 0.022337 seconds.
  path: Assets/Game/Prefabs/Pool.prefab
  artifactKey: Guid(2beba919ca32c6a4fb931a46097c2c67) Importer(2089858483,192608db42251d675da83286b1cce702)
Start importing Assets/Game/Prefabs/Pool.prefab using Guid(2beba919ca32c6a4fb931a46097c2c67) Importer(2089858483,192608db42251d675da83286b1cce702) (ScriptedImporter) -> (artifact id: 'fab35d272c92167f2118d8647a7c8f9a') in 0.0617302 seconds
Number of updated asset objects reloaded before import = 0Number of asset objects unloaded after import = 25

========================================================================
Received Import Request.
  Time since last request: 8.562944 seconds.
  path: Assets/Game/Prefabs/Player.prefab
  artifactKey: Guid(0446acb84a7c9424d841676cef3b1d04) Importer(815301076,1909f56bfc062723c751e8b465ee728b)
Start importing Assets/Game/Prefabs/Player.prefab using Guid(0446acb84a7c9424d841676cef3b1d04) Importer(815301076,1909f56bfc062723c751e8b465ee728b) (PreviewImporter) -> (artifact id: '2d951b618b78d8a7db4962dcb4fa4c26') in 0.0713794 seconds
Number of updated asset objects reloaded before import = 0Number of asset objects unloaded after import = 193

========================================================================
Received Import Request.
  Time since last request: 55.460915 seconds.
  path: Assets/Game/Prefabs/Player.prefab
  artifactKey: Guid(0446acb84a7c9424d841676cef3b1d04) Importer(815301076,1909f56bfc062723c751e8b465ee728b)
Start importing Assets/Game/Prefabs/Player.prefab using Guid(0446acb84a7c9424d841676cef3b1d04) Importer(815301076,1909f56bfc062723c751e8b465ee728b) (PreviewImporter) -> (artifact id: '5cb874c3c0c8c28d4f5be3c2eb57afd1') in 0.0936928 seconds
Number of updated asset objects reloaded before import = 0Number of asset objects unloaded after import = 253

========================================================================
Received Import Request.
  Time since last request: 34.733649 seconds.
  path: Assets/Game/Prefabs/Player.prefab
  artifactKey: Guid(0446acb84a7c9424d841676cef3b1d04) Importer(815301076,1909f56bfc062723c751e8b465ee728b)
Start importing Assets/Game/Prefabs/Player.prefab using Guid(0446acb84a7c9424d841676cef3b1d04) Importer(815301076,1909f56bfc062723c751e8b465ee728b) (PreviewImporter) -> (artifact id: '5019b66ccfbf10dbc4539fd64018e7fd') in 0.1017731 seconds
Number of updated asset objects reloaded before import = 0Number of asset objects unloaded after import = 256

========================================================================
Received Import Request.
  Time since last request: 6.606281 seconds.
  path: Assets/Game/Prefabs/Player.prefab
  artifactKey: Guid(0446acb84a7c9424d841676cef3b1d04) Importer(815301076,1909f56bfc062723c751e8b465ee728b)
Start importing Assets/Game/Prefabs/Player.prefab using Guid(0446acb84a7c9424d841676cef3b1d04) Importer(815301076,1909f56bfc062723c751e8b465ee728b) (PreviewImporter) -> (artifact id: 'c8b88252d409e922d8a90fa76a1dc2a7') in 0.0808397 seconds
Number of updated asset objects reloaded before import = 0Number of asset objects unloaded after import = 256

========================================================================
Received Import Request.
  Time since last request: 15.176515 seconds.
  path: Assets/Samples/Universal Render Pipeline/17.2.0/URP Package Samples/Shaders/Lit/Prefabs/3Podium.prefab
  artifactKey: Guid(7689a0ffc4ed74a58b7298d31e1d3283) Importer(815301076,1909f56bfc062723c751e8b465ee728b)
Start importing Assets/Samples/Universal Render Pipeline/17.2.0/URP Package Samples/Shaders/Lit/Prefabs/3Podium.prefab using Guid(7689a0ffc4ed74a58b7298d31e1d3283) Importer(815301076,1909f56bfc062723c751e8b465ee728b) (PreviewImporter) -> (artifact id: '84aaeed032dd11221c0dc34568d773a8') in 0.0353359 seconds
Number of updated asset objects reloaded before import = 0Number of asset objects unloaded after import = 52

========================================================================
Received Import Request.
  Time since last request: 0.000044 seconds.
  path: Assets/Samples/Universal Render Pipeline/17.2.0/URP Package Samples/Shaders/Lit/Prefabs/5Podium.prefab
  artifactKey: Guid(14e48a9663ab3412e8ff39002bca91aa) Importer(815301076,1909f56bfc062723c751e8b465ee728b)
Start importing Assets/Samples/Universal Render Pipeline/17.2.0/URP Package Samples/Shaders/Lit/Prefabs/5Podium.prefab using Guid(14e48a9663ab3412e8ff39002bca91aa) Importer(815301076,1909f56bfc062723c751e8b465ee728b) (PreviewImporter) -> (artifact id: '880c0b2fc9cbcccf601756a3a99cdfd4') in 0.0237631 seconds
Number of updated asset objects reloaded before import = 0Number of asset objects unloaded after import = 76

========================================================================
Received Import Request.
  Time since last request: 0.000082 seconds.
  path: Assets/3rdParty/Polygon Arsenal/Prefabs/Environment/Liquid/Drip/AcidDrip.prefab
  artifactKey: Guid(02f9b7403c0b2fd46ae119f92aeb1ce5) Importer(815301076,1909f56bfc062723c751e8b465ee728b)
Start importing Assets/3rdParty/Polygon Arsenal/Prefabs/Environment/Liquid/Drip/AcidDrip.prefab using Guid(02f9b7403c0b2fd46ae119f92aeb1ce5) Importer(815301076,1909f56bfc062723c751e8b465ee728b) (PreviewImporter) -> (artifact id: '969f152bc889a2acd370d5cf727ea0e7') in 0.1027414 seconds
Number of updated asset objects reloaded before import = 0Number of asset objects unloaded after import = 32

========================================================================
Received Import Request.
  Time since last request: 0.000053 seconds.
  path: Assets/3rdParty/Polygon Arsenal/Demo/Missile Prefabs/Crystal/AmethystMissileOBJ.prefab
  artifactKey: Guid(e9e4e50be8f2edf418552899ded891e9) Importer(815301076,1909f56bfc062723c751e8b465ee728b)
Start importing Assets/3rdParty/Polygon Arsenal/Demo/Missile Prefabs/Crystal/AmethystMissileOBJ.prefab using Guid(e9e4e50be8f2edf418552899ded891e9) Importer(815301076,1909f56bfc062723c751e8b465ee728b) (PreviewImporter) -> (artifact id: '30d25837cda48f9ee625ad378c92ed19') in 0.0495849 seconds
Number of updated asset objects reloaded before import = 0Number of asset objects unloaded after import = 67

========================================================================
Received Import Request.
  Time since last request: 0.000061 seconds.
  path: Assets/3rdParty/Polygon Arsenal/Prefabs/Combat/Muzzleflash/Sci-Fi/Antimatter/AntimatterMuzzleGreen.prefab
  artifactKey: Guid(f76d1300a81e15847a09b95f31db3719) Importer(815301076,1909f56bfc062723c751e8b465ee728b)
Start importing Assets/3rdParty/Polygon Arsenal/Prefabs/Combat/Muzzleflash/Sci-Fi/Antimatter/AntimatterMuzzleGreen.prefab using Guid(f76d1300a81e15847a09b95f31db3719) Importer(815301076,1909f56bfc062723c751e8b465ee728b) (PreviewImporter) -> (artifact id: '47646cb659893ab8a9c8c9c4d1d2da40') in 0.1426097 seconds
Number of updated asset objects reloaded before import = 0Number of asset objects unloaded after import = 34

========================================================================
Received Import Request.
  Time since last request: 0.000053 seconds.
  path: Assets/3rdParty/Polygon Arsenal/Prefabs/Combat/Explosions/Magic/Arrow/ArrowExplosionBlue.prefab
  artifactKey: Guid(a243ede5b09758142b90ff5893e9712e) Importer(815301076,1909f56bfc062723c751e8b465ee728b)
Start importing Assets/3rdParty/Polygon Arsenal/Prefabs/Combat/Explosions/Magic/Arrow/ArrowExplosionBlue.prefab using Guid(a243ede5b09758142b90ff5893e9712e) Importer(815301076,1909f56bfc062723c751e8b465ee728b) (PreviewImporter) -> (artifact id: 'b91550502913bb3149b73971e0e378d7') in 0.0477661 seconds
Number of updated asset objects reloaded before import = 0Number of asset objects unloaded after import = 29

========================================================================
Received Import Request.
  Time since last request: 0.000045 seconds.
  path: Assets/3rdParty/AllIn13DShader/Demo/Prefabs/Ui/ArrowButton.prefab
  artifactKey: Guid(a48022c6222bd13489d399a779c32e71) Importer(815301076,1909f56bfc062723c751e8b465ee728b)
Start importing Assets/3rdParty/AllIn13DShader/Demo/Prefabs/Ui/ArrowButton.prefab using Guid(a48022c6222bd13489d399a779c32e71) Importer(815301076,1909f56bfc062723c751e8b465ee728b) (PreviewImporter) -> (artifact id: '4455bb2f6d9fd92d2e77b4bcf9571a99') in 0.0256158 seconds
Number of updated asset objects reloaded before import = 0Number of asset objects unloaded after import = 13

========================================================================
Received Import Request.
  Time since last request: 0.000042 seconds.
  path: Assets/3rdParty/Polygon Arsenal/Demo/Missile Prefabs/Antimatter/AntiMatterMissileRedOBJ.prefab
  artifactKey: Guid(625aea5820274bd4b8f027636a116287) Importer(815301076,1909f56bfc062723c751e8b465ee728b)
Start importing Assets/3rdParty/Polygon Arsenal/Demo/Missile Prefabs/Antimatter/AntiMatterMissileRedOBJ.prefab using Guid(625aea5820274bd4b8f027636a116287) Importer(815301076,1909f56bfc062723c751e8b465ee728b) (PreviewImporter) -> (artifact id: '5f8f234aefb52715a1a46751ed7a7b8c') in 0.0244022 seconds
Number of updated asset objects reloaded before import = 0Number of asset objects unloaded after import = 83

========================================================================
Received Import Request.
  Time since last request: 0.000060 seconds.
  path: Assets/3rdParty/Polygon Arsenal/Prefabs/Combat/Missiles/Sci-Fi/Antimatter/AntimatterMissileYellow.prefab
  artifactKey: Guid(184f844d94478c649b91800a2ea3177e) Importer(815301076,1909f56bfc062723c751e8b465ee728b)
Start importing Assets/3rdParty/Polygon Arsenal/Prefabs/Combat/Missiles/Sci-Fi/Antimatter/AntimatterMissileYellow.prefab using Guid(184f844d94478c649b91800a2ea3177e) Importer(815301076,1909f56bfc062723c751e8b465ee728b) (PreviewImporter) -> (artifact id: '2e77a12f8a78c475ec32efb5c175d65b') in 0.0397023 seconds
Number of updated asset objects reloaded before import = 0Number of asset objects unloaded after import = 56

========================================================================
Received Import Request.
  Time since last request: 0.000050 seconds.
  path: Assets/3rdParty/Polygon Arsenal/Prefabs/Combat/Explosions/Magic/Arrow/ArrowExplosionPink.prefab
  artifactKey: Guid(8a42f96ad96ab8e4daeb39d665816ede) Importer(815301076,1909f56bfc062723c751e8b465ee728b)
Start importing Assets/3rdParty/Polygon Arsenal/Prefabs/Combat/Explosions/Magic/Arrow/ArrowExplosionPink.prefab using Guid(8a42f96ad96ab8e4daeb39d665816ede) Importer(815301076,1909f56bfc062723c751e8b465ee728b) (PreviewImporter) -> (artifact id: '77dc0b1a24047ca10bde1780716f0060') in 0.0292027 seconds
Number of updated asset objects reloaded before import = 0Number of asset objects unloaded after import = 29

========================================================================
Received Import Request.
  Time since last request: 0.000053 seconds.
  path: Assets/3rdParty/Polygon Arsenal/Demo/Missile Prefabs/Antimatter/AntiMatterMissilePinkOBJ.prefab
  artifactKey: Guid(0c26f87d9e99f2e4cb0343b4aab2308c) Importer(815301076,1909f56bfc062723c751e8b465ee728b)
Start importing Assets/3rdParty/Polygon Arsenal/Demo/Missile Prefabs/Antimatter/AntiMatterMissilePinkOBJ.prefab using Guid(0c26f87d9e99f2e4cb0343b4aab2308c) Importer(815301076,1909f56bfc062723c751e8b465ee728b) (PreviewImporter) -> (artifact id: '9a5d4b334e12ae8a14a654f8f3cb1055') in 0.0115054 seconds
Number of updated asset objects reloaded before import = 0Number of asset objects unloaded after import = 83

========================================================================
Received Import Request.
  Time since last request: 0.000074 seconds.
  path: Assets/3rdParty/Polygon Arsenal/Prefabs/Combat/Explosions/Magic/Crystals/AmethystExplosion.prefab
  artifactKey: Guid(fe460b7027b625f4f8a566f114136647) Importer(815301076,1909f56bfc062723c751e8b465ee728b)
Start importing Assets/3rdParty/Polygon Arsenal/Prefabs/Combat/Explosions/Magic/Crystals/AmethystExplosion.prefab using Guid(fe460b7027b625f4f8a566f114136647) Importer(815301076,1909f56bfc062723c751e8b465ee728b) (PreviewImporter) -> (artifact id: 'f0fd594481b525126b46b971a04988b5') in 0.0938377 seconds
Number of updated asset objects reloaded before import = 0Number of asset objects unloaded after import = 51

========================================================================
Received Import Request.
  Time since last request: 0.000039 seconds.
  path: Assets/3rdParty/Polygon Arsenal/Prefabs/Combat/Missiles/Magic/Crystal/AmethystMissile.prefab
  artifactKey: Guid(b4e17736176bbff498649a5d04aa2a86) Importer(815301076,1909f56bfc062723c751e8b465ee728b)
Start importing Assets/3rdParty/Polygon Arsenal/Prefabs/Combat/Missiles/Magic/Crystal/AmethystMissile.prefab using Guid(b4e17736176bbff498649a5d04aa2a86) Importer(815301076,1909f56bfc062723c751e8b465ee728b) (PreviewImporter) -> (artifact id: 'ecb7f6e4f106a5f1f7ef0e2e1a6593d7') in 0.0535322 seconds
Number of updated asset objects reloaded before import = 0Number of asset objects unloaded after import = 39

========================================================================
Received Import Request.
  Time since last request: 0.000061 seconds.
  path: Assets/3rdParty/Polygon Arsenal/Prefabs/Combat/Missiles/Sci-Fi/Antimatter/AntimatterMissileRed.prefab
  artifactKey: Guid(de17cf43f68cdcb4c93de87c078cdb0a) Importer(815301076,1909f56bfc062723c751e8b465ee728b)
Start importing Assets/3rdParty/Polygon Arsenal/Prefabs/Combat/Missiles/Sci-Fi/Antimatter/AntimatterMissileRed.prefab using Guid(de17cf43f68cdcb4c93de87c078cdb0a) Importer(815301076,1909f56bfc062723c751e8b465ee728b) (PreviewImporter) -> (artifact id: '6f668ba2befbdaa34f03556825f96ab0') in 0.039221 seconds
Number of updated asset objects reloaded before import = 0Number of asset objects unloaded after import = 56

========================================================================
Received Import Request.
  Time since last request: 0.000037 seconds.
  path: Assets/3rdParty/Polygon Arsenal/Prefabs/Combat/Missiles/Sci-Fi/Antimatter/AntimatterMissileBlue.prefab
  artifactKey: Guid(c74760a8408799b41967bc5f76501b9f) Importer(815301076,1909f56bfc062723c751e8b465ee728b)
Start importing Assets/3rdParty/Polygon Arsenal/Prefabs/Combat/Missiles/Sci-Fi/Antimatter/AntimatterMissileBlue.prefab using Guid(c74760a8408799b41967bc5f76501b9f) Importer(815301076,1909f56bfc062723c751e8b465ee728b) (PreviewImporter) -> (artifact id: 'ff08ea0396e57cefc6866dc5bc006491') in 0.0433106 seconds
Number of updated asset objects reloaded before import = 0Number of asset objects unloaded after import = 56

========================================================================
Received Import Request.
  Time since last request: 0.000062 seconds.
  path: Assets/3rdParty/Polygon Arsenal/Prefabs/Combat/Explosions/Magic/Liquid/AcidExplosion.prefab
  artifactKey: Guid(f59a2181e7715914bb2ee531a43afc1f) Importer(815301076,1909f56bfc062723c751e8b465ee728b)
Start importing Assets/3rdParty/Polygon Arsenal/Prefabs/Combat/Explosions/Magic/Liquid/AcidExplosion.prefab using Guid(f59a2181e7715914bb2ee531a43afc1f) Importer(815301076,1909f56bfc062723c751e8b465ee728b) (PreviewImporter) -> (artifact id: '5687219238067c46aa5b4f17aa6b4c7a') in 0.0748165 seconds
Number of updated asset objects reloaded before import = 0Number of asset objects unloaded after import = 49

========================================================================
Received Import Request.
  Time since last request: 0.000070 seconds.
  path: Assets/3rdParty/Polygon Arsenal/Demo/Missile Prefabs/Arrow/ArrowMissileBlueOBJ.prefab
  artifactKey: Guid(9d01c415bf8891748a82f362e96d9664) Importer(815301076,1909f56bfc062723c751e8b465ee728b)
Start importing Assets/3rdParty/Polygon Arsenal/Demo/Missile Prefabs/Arrow/ArrowMissileBlueOBJ.prefab using Guid(9d01c415bf8891748a82f362e96d9664) Importer(815301076,1909f56bfc062723c751e8b465ee728b) (PreviewImporter) -> (artifact id: '56fef3768b60b20ca6a936dca5d6f867') in 0.0295339 seconds
Number of updated asset objects reloaded before import = 0Number of asset objects unloaded after import = 55

========================================================================
Received Import Request.
  Time since last request: 0.000046 seconds.
  path: Assets/3rdParty/Polygon Arsenal/Prefabs/Combat/Muzzleflash/Sci-Fi/Antimatter/AntimatterMuzzleRed.prefab
  artifactKey: Guid(9728a472fc8602a46b15c6e5b69c45a9) Importer(815301076,1909f56bfc062723c751e8b465ee728b)
Start importing Assets/3rdParty/Polygon Arsenal/Prefabs/Combat/Muzzleflash/Sci-Fi/Antimatter/AntimatterMuzzleRed.prefab using Guid(9728a472fc8602a46b15c6e5b69c45a9) Importer(815301076,1909f56bfc062723c751e8b465ee728b) (PreviewImporter) -> (artifact id: 'cb9bd2c8ba5f00f870f00cbb9e8636f2') in 0.0395504 seconds
Number of updated asset objects reloaded before import = 0Number of asset objects unloaded after import = 34

========================================================================
Received Import Request.
  Time since last request: 0.000045 seconds.
  path: Assets/3rdParty/Polygon Arsenal/Prefabs/Combat/Muzzleflash/Sci-Fi/Antimatter/AntimatterMuzzlePink.prefab
  artifactKey: Guid(752cb75a0a7de6e4cb0b11ff2cc67704) Importer(815301076,1909f56bfc062723c751e8b465ee728b)
Start importing Assets/3rdParty/Polygon Arsenal/Prefabs/Combat/Muzzleflash/Sci-Fi/Antimatter/AntimatterMuzzlePink.prefab using Guid(752cb75a0a7de6e4cb0b11ff2cc67704) Importer(815301076,1909f56bfc062723c751e8b465ee728b) (PreviewImporter) -> (artifact id: '75342a7c38e523340876cb2598af6c5e') in 0.0332107 seconds
Number of updated asset objects reloaded before import = 0Number of asset objects unloaded after import = 34

========================================================================
Received Import Request.
  Time since last request: 0.000065 seconds.
  path: Assets/3rdParty/Polygon Arsenal/Prefabs/Combat/Explosions/Sci-Fi/Antimatter/AntimatterExplosionBlue.prefab
  artifactKey: Guid(ae14b44785a276b4ca60cab0d2cb2561) Importer(815301076,1909f56bfc062723c751e8b465ee728b)
Start importing Assets/3rdParty/Polygon Arsenal/Prefabs/Combat/Explosions/Sci-Fi/Antimatter/AntimatterExplosionBlue.prefab using Guid(ae14b44785a276b4ca60cab0d2cb2561) Importer(815301076,1909f56bfc062723c751e8b465ee728b) (PreviewImporter) -> (artifact id: 'dfba1e7816bd110cf27b8d6664bb8283') in 0.0403125 seconds
Number of updated asset objects reloaded before import = 0Number of asset objects unloaded after import = 55

========================================================================
Received Import Request.
  Time since last request: 0.000043 seconds.
  path: Assets/3rdParty/Polygon Arsenal/Prefabs/Combat/Missiles/Sci-Fi/Antimatter/AntimatterMissileGreen.prefab
  artifactKey: Guid(7e9146a138d77ea4e9ac27efe2eef265) Importer(815301076,1909f56bfc062723c751e8b465ee728b)
Start importing Assets/3rdParty/Polygon Arsenal/Prefabs/Combat/Missiles/Sci-Fi/Antimatter/AntimatterMissileGreen.prefab using Guid(7e9146a138d77ea4e9ac27efe2eef265) Importer(815301076,1909f56bfc062723c751e8b465ee728b) (PreviewImporter) -> (artifact id: '2fa3732295ed8ce938195ec11f482247') in 0.0389705 seconds
Number of updated asset objects reloaded before import = 0Number of asset objects unloaded after import = 56

========================================================================
Received Import Request.
  Time since last request: 0.000063 seconds.
  path: Assets/3rdParty/Polygon Arsenal/Prefabs/Combat/Explosions/Sci-Fi/Antimatter/AntimatterExplosionPurple.prefab
  artifactKey: Guid(1136e183095a225479ac1b7c87e2ebfa) Importer(815301076,1909f56bfc062723c751e8b465ee728b)
Start importing Assets/3rdParty/Polygon Arsenal/Prefabs/Combat/Explosions/Sci-Fi/Antimatter/AntimatterExplosionPurple.prefab using Guid(1136e183095a225479ac1b7c87e2ebfa) Importer(815301076,1909f56bfc062723c751e8b465ee728b) (PreviewImporter) -> (artifact id: '396e98935475b3548c9a6d0a7e85fd5e') in 0.0388139 seconds
Number of updated asset objects reloaded before import = 0Number of asset objects unloaded after import = 55

========================================================================
Received Import Request.
  Time since last request: 0.000072 seconds.
  path: Assets/3rdParty/Polygon Arsenal/Prefabs/Combat/Missiles/Sci-Fi/Antimatter/AntimatterMissilePink.prefab
  artifactKey: Guid(b152a6b987e95f94f81e0ae198dc71ff) Importer(815301076,1909f56bfc062723c751e8b465ee728b)
Start importing Assets/3rdParty/Polygon Arsenal/Prefabs/Combat/Missiles/Sci-Fi/Antimatter/AntimatterMissilePink.prefab using Guid(b152a6b987e95f94f81e0ae198dc71ff) Importer(815301076,1909f56bfc062723c751e8b465ee728b) (PreviewImporter) -> (artifact id: '207dc477b9e95d807342f3bf0484dfc6') in 0.0348349 seconds
Number of updated asset objects reloaded before import = 0Number of asset objects unloaded after import = 56

========================================================================
Received Import Request.
  Time since last request: 0.000043 seconds.
  path: Assets/3rdParty/Polygon Arsenal/Prefabs/Combat/Missiles/Magic/Arrow/ArrowMissileBlue.prefab
  artifactKey: Guid(ac92fc48787ad5c4ebd4be179b477f8a) Importer(815301076,1909f56bfc062723c751e8b465ee728b)
Start importing Assets/3rdParty/Polygon Arsenal/Prefabs/Combat/Missiles/Magic/Arrow/ArrowMissileBlue.prefab using Guid(ac92fc48787ad5c4ebd4be179b477f8a) Importer(815301076,1909f56bfc062723c751e8b465ee728b) (PreviewImporter) -> (artifact id: '9dd19adb267155b7022d69dddcae905e') in 0.0293609 seconds
Number of updated asset objects reloaded before import = 0Number of asset objects unloaded after import = 38

========================================================================
Received Import Request.
  Time since last request: 0.000052 seconds.
  path: Assets/3rdParty/Polygon Arsenal/Prefabs/Combat/Muzzleflash/Sci-Fi/Antimatter/AntimatterMuzzlePurple.prefab
  artifactKey: Guid(c3eecc1284890ac4c9b841cc6c01f4ee) Importer(815301076,1909f56bfc062723c751e8b465ee728b)
Start importing Assets/3rdParty/Polygon Arsenal/Prefabs/Combat/Muzzleflash/Sci-Fi/Antimatter/AntimatterMuzzlePurple.prefab using Guid(c3eecc1284890ac4c9b841cc6c01f4ee) Importer(815301076,1909f56bfc062723c751e8b465ee728b) (PreviewImporter) -> (artifact id: '8ab831579c904684a8a7e390ec679c2a') in 0.0266596 seconds
Number of updated asset objects reloaded before import = 0Number of asset objects unloaded after import = 34

========================================================================
Received Import Request.
  Time since last request: 24.024140 seconds.
  path: Assets/Game/Prefabs/Player.prefab
  artifactKey: Guid(0446acb84a7c9424d841676cef3b1d04) Importer(815301076,1909f56bfc062723c751e8b465ee728b)
Start importing Assets/Game/Prefabs/Player.prefab using Guid(0446acb84a7c9424d841676cef3b1d04) Importer(815301076,1909f56bfc062723c751e8b465ee728b) (PreviewImporter) -> (artifact id: 'b2a02eff069bfd07812938b2b8e9756e') in 0.0932163 seconds
Number of updated asset objects reloaded before import = 0Number of asset objects unloaded after import = 244

========================================================================
Received Import Request.
  Time since last request: 15.826882 seconds.
  path: Assets/Game/Prefabs/Player.prefab
  artifactKey: Guid(0446acb84a7c9424d841676cef3b1d04) Importer(815301076,1909f56bfc062723c751e8b465ee728b)
Start importing Assets/Game/Prefabs/Player.prefab using Guid(0446acb84a7c9424d841676cef3b1d04) Importer(815301076,1909f56bfc062723c751e8b465ee728b) (PreviewImporter) -> (artifact id: 'be6f80c19e44f1d40b33955493962818') in 0.0927393 seconds
Number of updated asset objects reloaded before import = 0Number of asset objects unloaded after import = 205

========================================================================
Received Import Request.
  Time since last request: 6.895836 seconds.
  path: Assets/Game/Prefabs/Player.prefab
  artifactKey: Guid(0446acb84a7c9424d841676cef3b1d04) Importer(815301076,1909f56bfc062723c751e8b465ee728b)
Start importing Assets/Game/Prefabs/Player.prefab using Guid(0446acb84a7c9424d841676cef3b1d04) Importer(815301076,1909f56bfc062723c751e8b465ee728b) (PreviewImporter) -> (artifact id: '4ff46db892bde9438d83689382fa6340') in 0.0882034 seconds
Number of updated asset objects reloaded before import = 0Number of asset objects unloaded after import = 204

========================================================================
Received Prepare
Begin MonoManager ReloadAssembly
[Licensing::Client] Successfully resolved entitlement details
[Licensing::Module] License group:
  Id: F4-GBTE-X4VW-QSVG-B2WS-XXXX
  Product: Unity Personal
  Type: ULF
  Expiration: Unlimited
[Licensing::Module] License group:
  Id: 10171100142060-UnityPersXXXX
  Product: Unity Personal
  Type: Assigned
  Expiration: Unlimited
- Loaded All Assemblies, in  1.473 seconds
Refreshing native plugins compatible for Editor in 4.48 ms, found 7 plugins.
Native extension for WindowsStandalone target not found
[Package Manager] Failed to launch server process. Reason: Unity was launched with the -noUpm command-line argument
[Package Manager] Unable to send message (not connected to server process).
[Package Manager] Cannot connect to Unity Package Manager local server
Mono: successfully reloaded assembly
- Finished resetting the current domain, in  2.267 seconds
Domain Reload Profiling: 3739ms
	BeginReloadAssembly (472ms)
		ExecutionOrderSort (0ms)
		DisableScriptedObjects (48ms)
		BackupInstance (0ms)
		ReleaseScriptingObjects (0ms)
		CreateAndSetChildDomain (135ms)
	RebuildCommonClasses (61ms)
	RebuildNativeTypeToScriptingClass (20ms)
	initialDomainReloadingComplete (55ms)
	LoadAllAssembliesAndSetupDomain (864ms)
		LoadAssemblies (709ms)
		RebuildTransferFunctionScriptingTraits (0ms)
		AnalyzeDomain (341ms)
			TypeCache.Refresh (10ms)
				TypeCache.ScanAssembly (0ms)
			BuildScriptInfoCaches (301ms)
			ResolveRequiredComponents (24ms)
	FinalizeReload (2268ms)
		ReleaseScriptCaches (0ms)
		RebuildScriptCaches (0ms)
		SetupLoadedEditorAssemblies (1999ms)
			LogAssemblyErrors (0ms)
			InitializePlatformSupportModulesInManaged (2ms)
			SetLoadedEditorAssemblies (6ms)
			BeforeProcessingInitializeOnLoad (283ms)
			ProcessInitializeOnLoadAttributes (853ms)
			ProcessInitializeOnLoadMethodAttributes (843ms)
			AfterProcessingInitializeOnLoad (10ms)
			EditorAssembliesLoaded (0ms)
		ExecutionOrderSort2 (0ms)
		AwakeInstancesAfterBackupRestoration (28ms)
Refreshing native plugins compatible for Editor in 6.16 ms, found 7 plugins.
Preloading 0 native plugins for Editor in 0.00 ms.
Unloading 16 Unused Serialized files (Serialized files now loaded: 0)
Unloading 6498 unused Assets / (4.3 MB). Loaded Objects now: 7413.
Memory consumption went from 173.8 MB to 169.4 MB.
Total: 12.293700 ms (FindLiveObjects: 1.010200 ms CreateObjectMapping: 1.162900 ms MarkObjects: 6.863400 ms  DeleteObjects: 3.255600 ms)

Prepare: number of updated asset objects reloaded= 0
========================================================================
Received Import Request.
  Time since last request: 98.826268 seconds.
  path: Assets/Game/Prefabs/Player.prefab
  artifactKey: Guid(0446acb84a7c9424d841676cef3b1d04) Importer(815301076,1909f56bfc062723c751e8b465ee728b)
Start importing Assets/Game/Prefabs/Player.prefab using Guid(0446acb84a7c9424d841676cef3b1d04) Importer(815301076,1909f56bfc062723c751e8b465ee728b) (PreviewImporter) -> (artifact id: 'e2307523cd255c2daad82edb5aec6c4e') in 0.863828 seconds
Number of updated asset objects reloaded before import = 0Number of asset objects unloaded after import = 208

========================================================================
Received Import Request.
  Time since last request: 2.012694 seconds.
  path: Assets/Game/Prefabs/Player.prefab
  artifactKey: Guid(0446acb84a7c9424d841676cef3b1d04) Importer(815301076,1909f56bfc062723c751e8b465ee728b)
Start importing Assets/Game/Prefabs/Player.prefab using Guid(0446acb84a7c9424d841676cef3b1d04) Importer(815301076,1909f56bfc062723c751e8b465ee728b) (PreviewImporter) -> (artifact id: '4fbcd339abddf7ed40a1b9e7a1be9f16') in 0.1330119 seconds
Number of updated asset objects reloaded before import = 0Number of asset objects unloaded after import = 204

========================================================================
Received Prepare
Refreshing native plugins compatible for Editor in 5.01 ms, found 7 plugins.
Preloading 0 native plugins for Editor in 0.00 ms.
Unloading 13 Unused Serialized files (Serialized files now loaded: 0)
Unloading 6480 unused Assets / (4.1 MB). Loaded Objects now: 7557.
Memory consumption went from 178.3 MB to 174.2 MB.
Total: 23.499900 ms (FindLiveObjects: 1.868600 ms CreateObjectMapping: 1.877300 ms MarkObjects: 15.788100 ms  DeleteObjects: 3.963600 ms)

Prepare: number of updated asset objects reloaded= 0
========================================================================
Received Prepare
Begin MonoManager ReloadAssembly
[Licensing::Client] Successfully resolved entitlement details
[Licensing::Module] License group:
  Id: F4-GBTE-X4VW-QSVG-B2WS-XXXX
  Product: Unity Personal
  Type: ULF
  Expiration: Unlimited
[Licensing::Module] License group:
  Id: 10171100142060-UnityPersXXXX
  Product: Unity Personal
  Type: Assigned
  Expiration: Unlimited
- Loaded All Assemblies, in  1.653 seconds
Refreshing native plugins compatible for Editor in 5.53 ms, found 7 plugins.
Native extension for WindowsStandalone target not found
[Package Manager] Failed to launch server process. Reason: Unity was launched with the -noUpm command-line argument
[Package Manager] Unable to send message (not connected to server process).
[Package Manager] Cannot connect to Unity Package Manager local server
Mono: successfully reloaded assembly
- Finished resetting the current domain, in  2.540 seconds
Domain Reload Profiling: 4193ms
	BeginReloadAssembly (504ms)
		ExecutionOrderSort (0ms)
		DisableScriptedObjects (49ms)
		BackupInstance (0ms)
		ReleaseScriptingObjects (0ms)
		CreateAndSetChildDomain (118ms)
	RebuildCommonClasses (78ms)
	RebuildNativeTypeToScriptingClass (23ms)
	initialDomainReloadingComplete (56ms)
	LoadAllAssembliesAndSetupDomain (991ms)
		LoadAssemblies (807ms)
		RebuildTransferFunctionScriptingTraits (0ms)
		AnalyzeDomain (405ms)
			TypeCache.Refresh (18ms)
				TypeCache.ScanAssembly (1ms)
			BuildScriptInfoCaches (351ms)
			ResolveRequiredComponents (29ms)
	FinalizeReload (2541ms)
		ReleaseScriptCaches (0ms)
		RebuildScriptCaches (0ms)
		SetupLoadedEditorAssemblies (2213ms)
			LogAssemblyErrors (0ms)
			InitializePlatformSupportModulesInManaged (3ms)
			SetLoadedEditorAssemblies (7ms)
			BeforeProcessingInitializeOnLoad (371ms)
			ProcessInitializeOnLoadAttributes (896ms)
			ProcessInitializeOnLoadMethodAttributes (919ms)
			AfterProcessingInitializeOnLoad (15ms)
			EditorAssembliesLoaded (1ms)
		ExecutionOrderSort2 (0ms)
		AwakeInstancesAfterBackupRestoration (39ms)
Refreshing native plugins compatible for Editor in 4.04 ms, found 7 plugins.
Preloading 0 native plugins for Editor in 0.00 ms.
Unloading 13 Unused Serialized files (Serialized files now loaded: 0)
Unloading 6496 unused Assets / (4.6 MB). Loaded Objects now: 7436.
Memory consumption went from 172.9 MB to 168.3 MB.
Total: 12.761600 ms (FindLiveObjects: 0.979000 ms CreateObjectMapping: 0.771900 ms MarkObjects: 7.750800 ms  DeleteObjects: 3.258200 ms)

Prepare: number of updated asset objects reloaded= 0
========================================================================
Received Prepare
Begin MonoManager ReloadAssembly
[Licensing::Client] Successfully resolved entitlement details
[Licensing::Module] License group:
  Id: F4-GBTE-X4VW-QSVG-B2WS-XXXX
  Product: Unity Personal
  Type: ULF
  Expiration: Unlimited
[Licensing::Module] License group:
  Id: 10171100142060-UnityPersXXXX
  Product: Unity Personal
  Type: Assigned
  Expiration: Unlimited
- Loaded All Assemblies, in  1.664 seconds
Refreshing native plugins compatible for Editor in 6.54 ms, found 7 plugins.
Native extension for WindowsStandalone target not found
[Package Manager] Failed to launch server process. Reason: Unity was launched with the -noUpm command-line argument
[Package Manager] Unable to send message (not connected to server process).
[Package Manager] Cannot connect to Unity Package Manager local server
Mono: successfully reloaded assembly
- Finished resetting the current domain, in  2.240 seconds
Domain Reload Profiling: 3898ms
	BeginReloadAssembly (495ms)
		ExecutionOrderSort (0ms)
		DisableScriptedObjects (19ms)
		BackupInstance (0ms)
		ReleaseScriptingObjects (0ms)
		CreateAndSetChildDomain (91ms)
	RebuildCommonClasses (68ms)
	RebuildNativeTypeToScriptingClass (33ms)
	initialDomainReloadingComplete (79ms)
	LoadAllAssembliesAndSetupDomain (984ms)
		LoadAssemblies (924ms)
		RebuildTransferFunctionScriptingTraits (0ms)
		AnalyzeDomain (346ms)
			TypeCache.Refresh (16ms)
				TypeCache.ScanAssembly (1ms)
			BuildScriptInfoCaches (306ms)
			ResolveRequiredComponents (19ms)
	FinalizeReload (2240ms)
		ReleaseScriptCaches (0ms)
		RebuildScriptCaches (0ms)
		SetupLoadedEditorAssemblies (1938ms)
			LogAssemblyErrors (0ms)
			InitializePlatformSupportModulesInManaged (2ms)
			SetLoadedEditorAssemblies (5ms)
			BeforeProcessingInitializeOnLoad (339ms)
			ProcessInitializeOnLoadAttributes (852ms)
			ProcessInitializeOnLoadMethodAttributes (727ms)
			AfterProcessingInitializeOnLoad (12ms)
			EditorAssembliesLoaded (1ms)
		ExecutionOrderSort2 (0ms)
		AwakeInstancesAfterBackupRestoration (28ms)
Refreshing native plugins compatible for Editor in 4.56 ms, found 7 plugins.
Preloading 0 native plugins for Editor in 0.00 ms.
Unloading 13 Unused Serialized files (Serialized files now loaded: 0)
Unloading 6496 unused Assets / (4.6 MB). Loaded Objects now: 7439.
Memory consumption went from 172.7 MB to 168.1 MB.
Total: 13.350500 ms (FindLiveObjects: 1.506200 ms CreateObjectMapping: 1.763300 ms MarkObjects: 7.143900 ms  DeleteObjects: 2.935000 ms)

Prepare: number of updated asset objects reloaded= 0
========================================================================
Received Import Request.
  Time since last request: 1974.415168 seconds.
  path: Assets/Modules/Utils/TransformBounds.cs
  artifactKey: Guid(6a40dacbeba84ba1b55163e9b048081b) Importer(2089858483,192608db42251d675da83286b1cce702)
Start importing Assets/Modules/Utils/TransformBounds.cs using Guid(6a40dacbeba84ba1b55163e9b048081b) Importer(2089858483,192608db42251d675da83286b1cce702) (ScriptedImporter) -> (artifact id: '4eb8ba102ad93b1fdc13f6d606292fc3') in 0.2863141 seconds
Number of updated asset objects reloaded before import = 0Number of asset objects unloaded after import = 0

========================================================================
Received Import Request.
  Time since last request: 0.000044 seconds.
  path: Assets/Modules/Utils/SkyboxMover.cs
  artifactKey: Guid(50a54d84edd342c0a5a017e6e834330d) Importer(2089858483,192608db42251d675da83286b1cce702)
Start importing Assets/Modules/Utils/SkyboxMover.cs using Guid(50a54d84edd342c0a5a017e6e834330d) Importer(2089858483,192608db42251d675da83286b1cce702) (ScriptedImporter) -> (artifact id: '43d990a02ac9e08517312f988926de6b') in 0.024919 seconds
Number of updated asset objects reloaded before import = 0Number of asset objects unloaded after import = 0

========================================================================
Received Import Request.
  Time since last request: 0.000051 seconds.
  path: Assets/Modules/Utils/Extensions.cs
  artifactKey: Guid(c50a141e6a7b428e9ac60699de50ca2c) Importer(2089858483,192608db42251d675da83286b1cce702)
Start importing Assets/Modules/Utils/Extensions.cs using Guid(c50a141e6a7b428e9ac60699de50ca2c) Importer(2089858483,192608db42251d675da83286b1cce702) (ScriptedImporter) -> (artifact id: 'b06cc7783c54aab558d9a21fdf13bf9f') in 0.0270093 seconds
Number of updated asset objects reloaded before import = 0Number of asset objects unloaded after import = 0

========================================================================
Received Import Request.
  Time since last request: 0.000035 seconds.
  path: Assets/Modules/UI/HealthView.cs
  artifactKey: Guid(305d11364fb94225a7b402fdcea1a92c) Importer(2089858483,192608db42251d675da83286b1cce702)
Start importing Assets/Modules/UI/HealthView.cs using Guid(305d11364fb94225a7b402fdcea1a92c) Importer(2089858483,192608db42251d675da83286b1cce702) (ScriptedImporter) -> (artifact id: '4c87235df0b384d13b279cd4f8cb3a39') in 0.0270687 seconds
Number of updated asset objects reloaded before import = 0Number of asset objects unloaded after import = 0

========================================================================
Received Import Request.
  Time since last request: 0.000057 seconds.
  path: Assets/Modules/Utils/CameraShaker.cs
  artifactKey: Guid(b8a731bafd584bc398b56250ac24f9de) Importer(2089858483,192608db42251d675da83286b1cce702)
Start importing Assets/Modules/Utils/CameraShaker.cs using Guid(b8a731bafd584bc398b56250ac24f9de) Importer(2089858483,192608db42251d675da83286b1cce702) (ScriptedImporter) -> (artifact id: '5217f6996e261feed497b1388bb19f34') in 0.0455391 seconds
Number of updated asset objects reloaded before import = 0Number of asset objects unloaded after import = 0

========================================================================
Received Prepare
Refreshing native plugins compatible for Editor in 4.36 ms, found 7 plugins.
Preloading 0 native plugins for Editor in 0.00 ms.
Unloading 13 Unused Serialized files (Serialized files now loaded: 0)
Unloading 6479 unused Assets / (4.1 MB). Loaded Objects now: 7439.
Memory consumption went from 172.9 MB to 168.8 MB.
Total: 13.631000 ms (FindLiveObjects: 0.957100 ms CreateObjectMapping: 0.849100 ms MarkObjects: 8.132600 ms  DeleteObjects: 3.690100 ms)

Prepare: number of updated asset objects reloaded= 0
========================================================================
Received Prepare
Begin MonoManager ReloadAssembly
- Loaded All Assemblies, in  1.901 seconds
Refreshing native plugins compatible for Editor in 7.29 ms, found 7 plugins.
Native extension for WindowsStandalone target not found
[Package Manager] Failed to launch server process. Reason: Unity was launched with the -noUpm command-line argument
[Package Manager] Unable to send message (not connected to server process).
[Package Manager] Cannot connect to Unity Package Manager local server
Mono: successfully reloaded assembly
- Finished resetting the current domain, in  2.641 seconds
Domain Reload Profiling: 4537ms
	BeginReloadAssembly (498ms)
		ExecutionOrderSort (0ms)
		DisableScriptedObjects (13ms)
		BackupInstance (0ms)
		ReleaseScriptingObjects (0ms)
		CreateAndSetChildDomain (113ms)
	RebuildCommonClasses (85ms)
	RebuildNativeTypeToScriptingClass (31ms)
	initialDomainReloadingComplete (63ms)
	LoadAllAssembliesAndSetupDomain (1219ms)
		LoadAssemblies (956ms)
		RebuildTransferFunctionScriptingTraits (0ms)
		AnalyzeDomain (530ms)
			TypeCache.Refresh (35ms)
				TypeCache.ScanAssembly (8ms)
			BuildScriptInfoCaches (456ms)
			ResolveRequiredComponents (33ms)
	FinalizeReload (2641ms)
		ReleaseScriptCaches (0ms)
		RebuildScriptCaches (0ms)
		SetupLoadedEditorAssemblies (2311ms)
			LogAssemblyErrors (0ms)
			InitializePlatformSupportModulesInManaged (2ms)
			SetLoadedEditorAssemblies (5ms)
			BeforeProcessingInitializeOnLoad (411ms)
			ProcessInitializeOnLoadAttributes (1005ms)
			ProcessInitializeOnLoadMethodAttributes (876ms)
			AfterProcessingInitializeOnLoad (11ms)
			EditorAssembliesLoaded (0ms)
		ExecutionOrderSort2 (0ms)
		AwakeInstancesAfterBackupRestoration (35ms)
Refreshing native plugins compatible for Editor in 7.26 ms, found 7 plugins.
Preloading 0 native plugins for Editor in 0.00 ms.
Unloading 13 Unused Serialized files (Serialized files now loaded: 0)
Unloading 6496 unused Assets / (4.9 MB). Loaded Objects now: 7442.
Memory consumption went from 172.8 MB to 167.9 MB.
Total: 18.546800 ms (FindLiveObjects: 1.212900 ms CreateObjectMapping: 1.549000 ms MarkObjects: 12.074200 ms  DeleteObjects: 3.708800 ms)

Prepare: number of updated asset objects reloaded= 0
Editor requested this worker to shutdown with reason: Scaling down because of idle timeout
AssetImportWorker is now disconnected from the server
Process exiting
Exiting without the bug reporter. Application will terminate with return code 0