[Licensing::Module] Trying to connect to existing licensing client channel...
Built from '6000.2/staging' branch; Version is '6000.2.15f1 (0707b6d1e918) revision 460726'; Using compiler version '194234433'; Build Type 'Release'
[Licensing::IpcConnector] Successfully connected to: "LicenseClient-1" at "2026-05-20T17:03:46.1497267Z"
OS: 'Windows 11  (10.0.22621) 64bit Professional' Language: 'ru' Physical Memory: 65377 MB
BatchMode: 1, IsHumanControllingUs: 0, StartBugReporterOnCrash: 0, Is64bit: 1
Date: 2026-05-20T17:03:46Z

COMMAND LINE ARGUMENTS:
C:\Program Files\Unity\Hub\Editor\6000.2.15f1\Editor\Unity.exe
-adb2
-batchMode
-noUpm
-name
AssetImportWorker0
-projectPath
C:/Users/1/Documents/GitHub/HomeworkOOP
-logFile
Logs/AssetImportWorker0.log
-srvPort
50381
-licensingIpc
LicenseClient-1
-job-worker-count
5
-background-job-worker-count
8
-gc-helper-count
1
-name
AssetImport
Successfully changed project path to: C:/Users/1/Documents/GitHub/HomeworkOOP
C:/Users/1/Documents/GitHub/HomeworkOOP
[UnityMemory] Configuration Parameters - Can be set up in boot.config
    "memorysetup-allocator-temp-initial-block-size-main=262144"
    "memorysetup-allocator-temp-initial-block-size-worker=262144"
    "memorysetup-bucket-allocator-granularity=16"
    "memorysetup-bucket-allocator-bucket-count=8"
    "memorysetup-bucket-allocator-block-size=33554432"
    "memorysetup-bucket-allocator-block-count=8"
    "memorysetup-main-allocator-block-size=16777216"
    "memorysetup-thread-allocator-block-size=16777216"
    "memorysetup-gfx-main-allocator-block-size=16777216"
    "memorysetup-gfx-thread-allocator-block-size=16777216"
    "memorysetup-cache-allocator-block-size=4194304"
    "memorysetup-typetree-allocator-block-size=2097152"
    "memorysetup-profiler-bucket-allocator-granularity=16"
    "memorysetup-profiler-bucket-allocator-bucket-count=8"
    "memorysetup-profiler-bucket-allocator-block-size=33554432"
    "memorysetup-profiler-bucket-allocator-block-count=8"
    "memorysetup-profiler-allocator-block-size=16777216"
    "memorysetup-profiler-editor-allocator-block-size=1048576"
    "memorysetup-temp-allocator-size-main=16777216"
    "memorysetup-job-temp-allocator-block-size=2097152"
    "memorysetup-job-temp-allocator-block-size-background=1048576"
    "memorysetup-job-temp-allocator-reduction-small-platforms=262144"
    "memorysetup-temp-allocator-size-background-worker=32768"
    "memorysetup-temp-allocator-size-job-worker=262144"
    "memorysetup-temp-allocator-size-preload-manager=33554432"
    "memorysetup-temp-allocator-size-nav-mesh-worker=65536"
    "memorysetup-temp-allocator-size-audio-worker=65536"
    "memorysetup-temp-allocator-size-cloud-worker=32768"
    "memorysetup-temp-allocator-size-gi-baking-worker=262144"
    "memorysetup-temp-allocator-size-gi-baking-worker=262144"
    "memorysetup-temp-allocator-size-gi-baking-worker=262144"
    "memorysetup-temp-allocator-size-gi-baking-worker=262144"
    "memorysetup-temp-allocator-size-gi-baking-worker=262144"
    "memorysetup-temp-allocator-size-gfx=262144"
Player connection [12724]  Target information:

Player connection [12724]  * "[IP] 192.168.1.5 [Port] 0 [Flags] 2 [Guid] 152965082 [EditorId] 152965082 [Version] 1048832 [Id] WindowsEditor(7,DESKTOP-UP8DEDE) [Debug] 1 [PackageName] WindowsEditor [ProjectName] Editor" 

Player connection [12724] Host joined multi-casting on [225.0.0.222:54997]...
Player connection [12724] Host joined alternative multi-casting on [225.0.0.222:34997]...
JobSystem: Creating JobQueue using job-worker-count value 5
Input System module state changed to: Initialized.
[Physics::Module] Initialized fallback backend.
[Physics::Module] Id: 0xdecafbad
Library Redirect Path: Library/
[Physics::Module] Selected backend.
[Physics::Module] Name: PhysX
[Physics::Module] Id: 0xf2b8ea05
[Physics::Module] SDK Version: 4.1.2
[Physics::Module] Integration Version: 1.0.0
[Physics::Module] Threading Mode: Multi-Threaded
Refreshing native plugins compatible for Editor in 551.07 ms, found 7 plugins.
Preloading 0 native plugins for Editor in 0.00 ms.
Initialize engine version: 6000.2.15f1 (0707b6d1e918)
[Subsystems] Discovering subsystems at path C:/Program Files/Unity/Hub/Editor/6000.2.15f1/Editor/Data/Resources/UnitySubsystems
[Subsystems] Discovering subsystems at path C:/Users/1/Documents/GitHub/HomeworkOOP/Assets
GfxDevice: creating device client; kGfxThreadingModeNonThreaded
Direct3D:
    Version:  Direct3D 11.0 [level 11.1]
    Renderer: NVIDIA GeForce RTX 3060 (ID=0x2504)
    Vendor:   NVIDIA
    VRAM:     12115 MB
    Driver:   32.0.15.9186
[Licensing::Client] Error: HandshakeResponse reported an error:
	ResponseCode: 505
	ResponseStatus: Unsupported protocol version '1.17.4'.
[Licensing::Module] Error: Failed to handshake to channel: "LicenseClient-1"
[Licensing::IpcConnector] LicenseClient-1 channel disconnected successfully.
[Licensing::IpcConnector] Successfully connected to: "LicenseClient-1-6000.2.15" at "2026-05-20T17:03:48.9104641Z"
Initialize mono
Mono path[0] = 'C:/Program Files/Unity/Hub/Editor/6000.2.15f1/Editor/Data/Managed'
Mono path[1] = 'C:/Program Files/Unity/Hub/Editor/6000.2.15f1/Editor/Data/MonoBleedingEdge/lib/mono/unityjit-win32'
Mono config path = 'C:/Program Files/Unity/Hub/Editor/6000.2.15f1/Editor/Data/MonoBleedingEdge/etc'
Using monoOptions --debugger-agent=transport=dt_socket,embedding=1,server=y,suspend=n,address=127.0.0.1:56332
Begin MonoManager ReloadAssembly
[Licensing::Client] Handshaking with LicensingClient:
  Version:                 1.17.4+4293ba1
  Session Id:              396d375f404343c68345991813949f91
  Correlation Id:          5937ea9638a4a3f709c2057348a3490d
  External correlation Id: 6482158375859039653
  Machine Id:              6fiYWAOOztwpvCd9MFg5AYxRyno=
[Licensing::Module] Successfully connected to LicensingClient on channel: "LicenseClient-1-6000.2.15" (connect: 0.00s, validation: 0.00s, handshake: 2.24s)
[Licensing::IpcConnector] Successfully connected to: "LicenseClient-1-6000.2.15-notifications" at "2026-05-20T17:03:51.1580288Z"
[Licensing::Module] Licensing Background thread has ended after 5.01s
Registering precompiled unity dll's ...
Register platform support module: C:/Program Files/Unity/Hub/Editor/6000.2.15f1/Editor/Data/PlaybackEngines/WindowsStandaloneSupport/UnityEditor.WindowsStandalone.Extensions.dll
Registered in 0.246147 seconds.
- Loaded All Assemblies, in 18.993 seconds
Native extension for WindowsStandalone target not found
Mono: successfully reloaded assembly
- Finished resetting the current domain, in  0.754 seconds
Domain Reload Profiling: 19745ms
	BeginReloadAssembly (15756ms)
		ExecutionOrderSort (0ms)
		DisableScriptedObjects (0ms)
		BackupInstance (0ms)
		ReleaseScriptingObjects (0ms)
		CreateAndSetChildDomain (1ms)
	RebuildCommonClasses (908ms)
	RebuildNativeTypeToScriptingClass (26ms)
	initialDomainReloadingComplete (321ms)
	LoadAllAssembliesAndSetupDomain (1978ms)
		LoadAssemblies (15750ms)
		RebuildTransferFunctionScriptingTraits (0ms)
		AnalyzeDomain (1973ms)
			TypeCache.Refresh (1971ms)
				TypeCache.ScanAssembly (1343ms)
			BuildScriptInfoCaches (0ms)
			ResolveRequiredComponents (1ms)
	FinalizeReload (755ms)
		ReleaseScriptCaches (0ms)
		RebuildScriptCaches (0ms)
		SetupLoadedEditorAssemblies (668ms)
			LogAssemblyErrors (0ms)
			InitializePlatformSupportModulesInManaged (80ms)
			SetLoadedEditorAssemblies (6ms)
			BeforeProcessingInitializeOnLoad (118ms)
			ProcessInitializeOnLoadAttributes (327ms)
			ProcessInitializeOnLoadMethodAttributes (137ms)
			AfterProcessingInitializeOnLoad (0ms)
			EditorAssembliesLoaded (0ms)
		ExecutionOrderSort2 (0ms)
		AwakeInstancesAfterBackupRestoration (0ms)
========================================================================
Worker process is ready to serve import requests
Import Worker Mode flag is 0x00
Begin MonoManager ReloadAssembly
[Licensing::Client] Successfully resolved entitlement details
[Licensing::Module] License group:
  Id: F4-GBTE-X4VW-QSVG-B2WS-XXXX
  Product: Unity Personal
  Type: ULF
  Expiration: Unlimited
[Licensing::Module] License group:
  Id: 10171100142060-UnityPersXXXX
  Product: Unity Personal
  Type: Assigned
  Expiration: Unlimited
- Loaded All Assemblies, in 19.374 seconds
Refreshing native plugins compatible for Editor in 4.20 ms, found 7 plugins.
Native extension for WindowsStandalone target not found
Package Manager log level set to [2]
[Package Manager] Failed to launch server process. Reason: Unity was launched with the -noUpm command-line argument
[Package Manager] Unable to send message (not connected to server process).
[Package Manager] Cannot connect to Unity Package Manager local server
Mono: successfully reloaded assembly
- Finished resetting the current domain, in  3.667 seconds
Domain Reload Profiling: 23034ms
	BeginReloadAssembly (309ms)
		ExecutionOrderSort (0ms)
		DisableScriptedObjects (14ms)
		BackupInstance (0ms)
		ReleaseScriptingObjects (0ms)
		CreateAndSetChildDomain (44ms)
	RebuildCommonClasses (61ms)
	RebuildNativeTypeToScriptingClass (29ms)
	initialDomainReloadingComplete (61ms)
	LoadAllAssembliesAndSetupDomain (18906ms)
		LoadAssemblies (18115ms)
		RebuildTransferFunctionScriptingTraits (0ms)
		AnalyzeDomain (962ms)
			TypeCache.Refresh (844ms)
				TypeCache.ScanAssembly (823ms)
			BuildScriptInfoCaches (89ms)
			ResolveRequiredComponents (24ms)
	FinalizeReload (3668ms)
		ReleaseScriptCaches (0ms)
		RebuildScriptCaches (0ms)
		SetupLoadedEditorAssemblies (2692ms)
			LogAssemblyErrors (0ms)
			InitializePlatformSupportModulesInManaged (3ms)
			SetLoadedEditorAssemblies (5ms)
			BeforeProcessingInitializeOnLoad (214ms)
			ProcessInitializeOnLoadAttributes (1210ms)
			ProcessInitializeOnLoadMethodAttributes (1250ms)
			AfterProcessingInitializeOnLoad (10ms)
			EditorAssembliesLoaded (0ms)
		ExecutionOrderSort2 (0ms)
		AwakeInstancesAfterBackupRestoration (12ms)
Launched and connected shader compiler UnityShaderCompiler.exe after 0.05 seconds
Refreshing native plugins compatible for Editor in 4.68 ms, found 7 plugins.
Preloading 0 native plugins for Editor in 0.00 ms.
Unloading 13 Unused Serialized files (Serialized files now loaded: 0)
Unloading 6498 unused Assets / (5.1 MB). Loaded Objects now: 7265.
Memory consumption went from 152.3 MB to 147.1 MB.
Total: 12.138700 ms (FindLiveObjects: 0.963300 ms CreateObjectMapping: 0.911000 ms MarkObjects: 7.092500 ms  DeleteObjects: 3.170300 ms)

========================================================================
Received Import Request.
  Time since last request: 2864490.874811 seconds.
  path: Assets/Game/Scripts/System/Enemy/SpawnPosition.cs
  artifactKey: Guid(6543d07595645214c8415452a78d3b82) Importer(815301076,1909f56bfc062723c751e8b465ee728b)
Start importing Assets/Game/Scripts/System/Enemy/SpawnPosition.cs using Guid(6543d07595645214c8415452a78d3b82) Importer(815301076,1909f56bfc062723c751e8b465ee728b) (PreviewImporter) -> (artifact id: '49ad0075972fb733b25994043f6c99a8') in 0.0061402 seconds
Number of updated asset objects reloaded before import = 0Number of asset objects unloaded after import = 0

========================================================================
Received Prepare
Begin MonoManager ReloadAssembly
[Licensing::Client] Successfully resolved entitlement details
[Licensing::Module] License group:
  Id: F4-GBTE-X4VW-QSVG-B2WS-XXXX
  Product: Unity Personal
  Type: ULF
  Expiration: Unlimited
[Licensing::Module] License group:
  Id: 10171100142060-UnityPersXXXX
  Product: Unity Personal
  Type: Assigned
  Expiration: Unlimited
- Loaded All Assemblies, in  1.391 seconds
Refreshing native plugins compatible for Editor in 4.88 ms, found 7 plugins.
Native extension for WindowsStandalone target not found
[Package Manager] Failed to launch server process. Reason: Unity was launched with the -noUpm command-line argument
[Package Manager] Unable to send message (not connected to server process).
[Package Manager] Cannot connect to Unity Package Manager local server
Mono: successfully reloaded assembly
- Finished resetting the current domain, in  1.971 seconds
Domain Reload Profiling: 3360ms
	BeginReloadAssembly (445ms)
		ExecutionOrderSort (0ms)
		DisableScriptedObjects (15ms)
		BackupInstance (0ms)
		ReleaseScriptingObjects (0ms)
		CreateAndSetChildDomain (96ms)
	RebuildCommonClasses (55ms)
	RebuildNativeTypeToScriptingClass (28ms)
	initialDomainReloadingComplete (46ms)
	LoadAllAssembliesAndSetupDomain (814ms)
		LoadAssemblies (710ms)
		RebuildTransferFunctionScriptingTraits (0ms)
		AnalyzeDomain (326ms)
			TypeCache.Refresh (14ms)
				TypeCache.ScanAssembly (1ms)
			BuildScriptInfoCaches (286ms)
			ResolveRequiredComponents (19ms)
	FinalizeReload (1971ms)
		ReleaseScriptCaches (0ms)
		RebuildScriptCaches (0ms)
		SetupLoadedEditorAssemblies (1699ms)
			LogAssemblyErrors (0ms)
			InitializePlatformSupportModulesInManaged (2ms)
			SetLoadedEditorAssemblies (5ms)
			BeforeProcessingInitializeOnLoad (240ms)
			ProcessInitializeOnLoadAttributes (790ms)
			ProcessInitializeOnLoadMethodAttributes (648ms)
			AfterProcessingInitializeOnLoad (13ms)
			EditorAssembliesLoaded (1ms)
		ExecutionOrderSort2 (0ms)
		AwakeInstancesAfterBackupRestoration (23ms)
Refreshing native plugins compatible for Editor in 6.64 ms, found 7 plugins.
Preloading 0 native plugins for Editor in 0.00 ms.
Unloading 13 Unused Serialized files (Serialized files now loaded: 0)
Unloading 6496 unused Assets / (2.1 MB). Loaded Objects now: 7283.
Memory consumption went from 157.3 MB to 155.3 MB.
Total: 20.529700 ms (FindLiveObjects: 1.190400 ms CreateObjectMapping: 0.897900 ms MarkObjects: 13.768200 ms  DeleteObjects: 4.670500 ms)

Prepare: number of updated asset objects reloaded= 0
========================================================================
Received Prepare
Begin MonoManager ReloadAssembly
- Loaded All Assemblies, in  1.214 seconds
Refreshing native plugins compatible for Editor in 4.52 ms, found 7 plugins.
Native extension for WindowsStandalone target not found
[Package Manager] Failed to launch server process. Reason: Unity was launched with the -noUpm command-line argument
[Package Manager] Unable to send message (not connected to server process).
[Package Manager] Cannot connect to Unity Package Manager local server
Mono: successfully reloaded assembly
- Finished resetting the current domain, in  1.930 seconds
Domain Reload Profiling: 3144ms
	BeginReloadAssembly (325ms)
		ExecutionOrderSort (0ms)
		DisableScriptedObjects (11ms)
		BackupInstance (0ms)
		ReleaseScriptingObjects (0ms)
		CreateAndSetChildDomain (75ms)
	RebuildCommonClasses (52ms)
	RebuildNativeTypeToScriptingClass (19ms)
	initialDomainReloadingComplete (43ms)
	LoadAllAssembliesAndSetupDomain (772ms)
		LoadAssemblies (616ms)
		RebuildTransferFunctionScriptingTraits (0ms)
		AnalyzeDomain (314ms)
			TypeCache.Refresh (9ms)
				TypeCache.ScanAssembly (0ms)
			BuildScriptInfoCaches (273ms)
			ResolveRequiredComponents (26ms)
	FinalizeReload (1933ms)
		ReleaseScriptCaches (0ms)
		RebuildScriptCaches (0ms)
		SetupLoadedEditorAssemblies (1683ms)
			LogAssemblyErrors (0ms)
			InitializePlatformSupportModulesInManaged (2ms)
			SetLoadedEditorAssemblies (5ms)
			BeforeProcessingInitializeOnLoad (203ms)
			ProcessInitializeOnLoadAttributes (760ms)
			ProcessInitializeOnLoadMethodAttributes (703ms)
			AfterProcessingInitializeOnLoad (10ms)
			EditorAssembliesLoaded (0ms)
		ExecutionOrderSort2 (0ms)
		AwakeInstancesAfterBackupRestoration (26ms)
Refreshing native plugins compatible for Editor in 5.79 ms, found 7 plugins.
Preloading 0 native plugins for Editor in 0.00 ms.
Unloading 13 Unused Serialized files (Serialized files now loaded: 0)
Unloading 6496 unused Assets / (5.6 MB). Loaded Objects now: 7286.
Memory consumption went from 157.2 MB to 151.5 MB.
Total: 16.547700 ms (FindLiveObjects: 1.004600 ms CreateObjectMapping: 1.364700 ms MarkObjects: 8.468400 ms  DeleteObjects: 5.708400 ms)

Prepare: number of updated asset objects reloaded= 0
========================================================================
Received Prepare
Refreshing native plugins compatible for Editor in 4.10 ms, found 7 plugins.
Preloading 0 native plugins for Editor in 0.00 ms.
Unloading 13 Unused Serialized files (Serialized files now loaded: 0)
Unloading 6479 unused Assets / (4.6 MB). Loaded Objects now: 7286.
Memory consumption went from 157.3 MB to 152.7 MB.
Total: 12.280000 ms (FindLiveObjects: 0.951800 ms CreateObjectMapping: 0.866900 ms MarkObjects: 7.774000 ms  DeleteObjects: 2.685400 ms)

Prepare: number of updated asset objects reloaded= 0
========================================================================
Received Prepare
Begin MonoManager ReloadAssembly
[Licensing::Client] Successfully resolved entitlement details
[Licensing::Module] License group:
  Id: F4-GBTE-X4VW-QSVG-B2WS-XXXX
  Product: Unity Personal
  Type: ULF
  Expiration: Unlimited
[Licensing::Module] License group:
  Id: 10171100142060-UnityPersXXXX
  Product: Unity Personal
  Type: Assigned
  Expiration: Unlimited
- Loaded All Assemblies, in  1.404 seconds
Refreshing native plugins compatible for Editor in 4.11 ms, found 7 plugins.
Native extension for WindowsStandalone target not found
[Package Manager] Failed to launch server process. Reason: Unity was launched with the -noUpm command-line argument
[Package Manager] Unable to send message (not connected to server process).
[Package Manager] Cannot connect to Unity Package Manager local server
Mono: successfully reloaded assembly
- Finished resetting the current domain, in  1.888 seconds
Domain Reload Profiling: 3284ms
	BeginReloadAssembly (409ms)
		ExecutionOrderSort (0ms)
		DisableScriptedObjects (11ms)
		BackupInstance (0ms)
		ReleaseScriptingObjects (0ms)
		CreateAndSetChildDomain (82ms)
	RebuildCommonClasses (86ms)
	RebuildNativeTypeToScriptingClass (35ms)
	initialDomainReloadingComplete (70ms)
	LoadAllAssembliesAndSetupDomain (796ms)
		LoadAssemblies (715ms)
		RebuildTransferFunctionScriptingTraits (0ms)
		AnalyzeDomain (301ms)
			TypeCache.Refresh (16ms)
				TypeCache.ScanAssembly (1ms)
			BuildScriptInfoCaches (261ms)
			ResolveRequiredComponents (18ms)
	FinalizeReload (1889ms)
		ReleaseScriptCaches (0ms)
		RebuildScriptCaches (0ms)
		SetupLoadedEditorAssemblies (1644ms)
			LogAssemblyErrors (0ms)
			InitializePlatformSupportModulesInManaged (2ms)
			SetLoadedEditorAssemblies (5ms)
			BeforeProcessingInitializeOnLoad (266ms)
			ProcessInitializeOnLoadAttributes (724ms)
			ProcessInitializeOnLoadMethodAttributes (637ms)
			AfterProcessingInitializeOnLoad (10ms)
			EditorAssembliesLoaded (0ms)
		ExecutionOrderSort2 (0ms)
		AwakeInstancesAfterBackupRestoration (24ms)
Refreshing native plugins compatible for Editor in 6.10 ms, found 7 plugins.
Preloading 0 native plugins for Editor in 0.00 ms.
Unloading 13 Unused Serialized files (Serialized files now loaded: 0)
Unloading 6496 unused Assets / (4.4 MB). Loaded Objects now: 7289.
Memory consumption went from 157.2 MB to 152.8 MB.
Total: 12.644500 ms (FindLiveObjects: 0.998400 ms CreateObjectMapping: 0.899300 ms MarkObjects: 7.913200 ms  DeleteObjects: 2.831800 ms)

Prepare: number of updated asset objects reloaded= 0
========================================================================
Received Prepare
Begin MonoManager ReloadAssembly
- Loaded All Assemblies, in  1.232 seconds
Refreshing native plugins compatible for Editor in 4.65 ms, found 7 plugins.
Native extension for WindowsStandalone target not found
[Package Manager] Failed to launch server process. Reason: Unity was launched with the -noUpm command-line argument
[Package Manager] Unable to send message (not connected to server process).
[Package Manager] Cannot connect to Unity Package Manager local server
Mono: successfully reloaded assembly
- Finished resetting the current domain, in  1.866 seconds
Domain Reload Profiling: 3096ms
	BeginReloadAssembly (323ms)
		ExecutionOrderSort (0ms)
		DisableScriptedObjects (10ms)
		BackupInstance (0ms)
		ReleaseScriptingObjects (0ms)
		CreateAndSetChildDomain (74ms)
	RebuildCommonClasses (59ms)
	RebuildNativeTypeToScriptingClass (27ms)
	initialDomainReloadingComplete (49ms)
	LoadAllAssembliesAndSetupDomain (772ms)
		LoadAssemblies (653ms)
		RebuildTransferFunctionScriptingTraits (0ms)
		AnalyzeDomain (273ms)
			TypeCache.Refresh (9ms)
				TypeCache.ScanAssembly (0ms)
			BuildScriptInfoCaches (242ms)
			ResolveRequiredComponents (17ms)
	FinalizeReload (1867ms)
		ReleaseScriptCaches (0ms)
		RebuildScriptCaches (0ms)
		SetupLoadedEditorAssemblies (1613ms)
			LogAssemblyErrors (0ms)
			InitializePlatformSupportModulesInManaged (2ms)
			SetLoadedEditorAssemblies (5ms)
			BeforeProcessingInitializeOnLoad (229ms)
			ProcessInitializeOnLoadAttributes (698ms)
			ProcessInitializeOnLoadMethodAttributes (669ms)
			AfterProcessingInitializeOnLoad (10ms)
			EditorAssembliesLoaded (0ms)
		ExecutionOrderSort2 (0ms)
		AwakeInstancesAfterBackupRestoration (24ms)
Refreshing native plugins compatible for Editor in 4.49 ms, found 7 plugins.
Preloading 0 native plugins for Editor in 0.00 ms.
Unloading 13 Unused Serialized files (Serialized files now loaded: 0)
Unloading 6496 unused Assets / (4.3 MB). Loaded Objects now: 7292.
Memory consumption went from 157.2 MB to 153.0 MB.
Total: 12.537800 ms (FindLiveObjects: 1.139800 ms CreateObjectMapping: 1.357100 ms MarkObjects: 7.066500 ms  DeleteObjects: 2.972700 ms)

Prepare: number of updated asset objects reloaded= 0
========================================================================
Received Prepare
Refreshing native plugins compatible for Editor in 5.62 ms, found 7 plugins.
Preloading 0 native plugins for Editor in 0.00 ms.
Unloading 13 Unused Serialized files (Serialized files now loaded: 0)
Unloading 6479 unused Assets / (3.8 MB). Loaded Objects now: 7292.
Memory consumption went from 157.4 MB to 153.5 MB.
Total: 19.895000 ms (FindLiveObjects: 1.271300 ms CreateObjectMapping: 1.859600 ms MarkObjects: 11.475000 ms  DeleteObjects: 5.286700 ms)

Prepare: number of updated asset objects reloaded= 0
========================================================================
Received Prepare
Begin MonoManager ReloadAssembly
[Licensing::Client] Successfully resolved entitlement details
[Licensing::Module] License group:
  Id: F4-GBTE-X4VW-QSVG-B2WS-XXXX
  Product: Unity Personal
  Type: ULF
  Expiration: Unlimited
[Licensing::Module] License group:
  Id: 10171100142060-UnityPersXXXX
  Product: Unity Personal
  Type: Assigned
  Expiration: Unlimited
- Loaded All Assemblies, in  1.367 seconds
Refreshing native plugins compatible for Editor in 4.41 ms, found 7 plugins.
Native extension for WindowsStandalone target not found
[Package Manager] Failed to launch server process. Reason: Unity was launched with the -noUpm command-line argument
[Package Manager] Unable to send message (not connected to server process).
[Package Manager] Cannot connect to Unity Package Manager local server
Mono: successfully reloaded assembly
- Finished resetting the current domain, in  1.848 seconds
Domain Reload Profiling: 3212ms
	BeginReloadAssembly (349ms)
		ExecutionOrderSort (0ms)
		DisableScriptedObjects (14ms)
		BackupInstance (0ms)
		ReleaseScriptingObjects (0ms)
		CreateAndSetChildDomain (80ms)
	RebuildCommonClasses (57ms)
	RebuildNativeTypeToScriptingClass (25ms)
	initialDomainReloadingComplete (49ms)
	LoadAllAssembliesAndSetupDomain (884ms)
		LoadAssemblies (699ms)
		RebuildTransferFunctionScriptingTraits (0ms)
		AnalyzeDomain (354ms)
			TypeCache.Refresh (17ms)
				TypeCache.ScanAssembly (2ms)
			BuildScriptInfoCaches (308ms)
			ResolveRequiredComponents (23ms)
	FinalizeReload (1848ms)
		ReleaseScriptCaches (0ms)
		RebuildScriptCaches (0ms)
		SetupLoadedEditorAssemblies (1555ms)
			LogAssemblyErrors (0ms)
			InitializePlatformSupportModulesInManaged (2ms)
			SetLoadedEditorAssemblies (5ms)
			BeforeProcessingInitializeOnLoad (203ms)
			ProcessInitializeOnLoadAttributes (687ms)
			ProcessInitializeOnLoadMethodAttributes (643ms)
			AfterProcessingInitializeOnLoad (14ms)
			EditorAssembliesLoaded (1ms)
		ExecutionOrderSort2 (0ms)
		AwakeInstancesAfterBackupRestoration (39ms)
Refreshing native plugins compatible for Editor in 5.94 ms, found 7 plugins.
Preloading 0 native plugins for Editor in 0.00 ms.
Unloading 13 Unused Serialized files (Serialized files now loaded: 0)
Unloading 6496 unused Assets / (4.8 MB). Loaded Objects now: 7295.
Memory consumption went from 157.3 MB to 152.5 MB.
Total: 17.502500 ms (FindLiveObjects: 1.166700 ms CreateObjectMapping: 1.406500 ms MarkObjects: 10.935800 ms  DeleteObjects: 3.991500 ms)

Prepare: number of updated asset objects reloaded= 0
========================================================================
Received Prepare
Refreshing native plugins compatible for Editor in 5.12 ms, found 7 plugins.
Preloading 0 native plugins for Editor in 0.00 ms.
Unloading 13 Unused Serialized files (Serialized files now loaded: 0)
Unloading 6479 unused Assets / (4.1 MB). Loaded Objects now: 7295.
Memory consumption went from 157.4 MB to 153.3 MB.
Total: 16.772700 ms (FindLiveObjects: 1.549400 ms CreateObjectMapping: 0.839700 ms MarkObjects: 9.649100 ms  DeleteObjects: 4.732800 ms)

Prepare: number of updated asset objects reloaded= 0
========================================================================
Received Prepare
Begin MonoManager ReloadAssembly
[Licensing::Client] Successfully resolved entitlement details
[Licensing::Module] License group:
  Id: F4-GBTE-X4VW-QSVG-B2WS-XXXX
  Product: Unity Personal
  Type: ULF
  Expiration: Unlimited
[Licensing::Module] License group:
  Id: 10171100142060-UnityPersXXXX
  Product: Unity Personal
  Type: Assigned
  Expiration: Unlimited
- Loaded All Assemblies, in  1.264 seconds
Refreshing native plugins compatible for Editor in 4.93 ms, found 7 plugins.
Native extension for WindowsStandalone target not found
[Package Manager] Failed to launch server process. Reason: Unity was launched with the -noUpm command-line argument
[Package Manager] Unable to send message (not connected to server process).
[Package Manager] Cannot connect to Unity Package Manager local server
Mono: successfully reloaded assembly
- Finished resetting the current domain, in  1.887 seconds
Domain Reload Profiling: 3151ms
	BeginReloadAssembly (346ms)
		ExecutionOrderSort (0ms)
		DisableScriptedObjects (16ms)
		BackupInstance (0ms)
		ReleaseScriptingObjects (0ms)
		CreateAndSetChildDomain (76ms)
	RebuildCommonClasses (54ms)
	RebuildNativeTypeToScriptingClass (23ms)
	initialDomainReloadingComplete (52ms)
	LoadAllAssembliesAndSetupDomain (786ms)
		LoadAssemblies (659ms)
		RebuildTransferFunctionScriptingTraits (0ms)
		AnalyzeDomain (290ms)
			TypeCache.Refresh (14ms)
				TypeCache.ScanAssembly (2ms)
			BuildScriptInfoCaches (253ms)
			ResolveRequiredComponents (17ms)
	FinalizeReload (1891ms)
		ReleaseScriptCaches (0ms)
		RebuildScriptCaches (0ms)
		SetupLoadedEditorAssemblies (1633ms)
			LogAssemblyErrors (0ms)
			InitializePlatformSupportModulesInManaged (2ms)
			SetLoadedEditorAssemblies (5ms)
			BeforeProcessingInitializeOnLoad (206ms)
			ProcessInitializeOnLoadAttributes (709ms)
			ProcessInitializeOnLoadMethodAttributes (700ms)
			AfterProcessingInitializeOnLoad (10ms)
			EditorAssembliesLoaded (0ms)
		ExecutionOrderSort2 (0ms)
		AwakeInstancesAfterBackupRestoration (24ms)
Refreshing native plugins compatible for Editor in 5.11 ms, found 7 plugins.
Preloading 0 native plugins for Editor in 0.00 ms.
Unloading 13 Unused Serialized files (Serialized files now loaded: 0)
Unloading 6496 unused Assets / (5.0 MB). Loaded Objects now: 7298.
Memory consumption went from 157.3 MB to 152.3 MB.
Total: 11.657800 ms (FindLiveObjects: 0.981500 ms CreateObjectMapping: 0.888500 ms MarkObjects: 6.087300 ms  DeleteObjects: 3.699200 ms)

Prepare: number of updated asset objects reloaded= 0
========================================================================
Received Prepare
Begin MonoManager ReloadAssembly
- Loaded All Assemblies, in  1.267 seconds
Refreshing native plugins compatible for Editor in 4.13 ms, found 7 plugins.
Native extension for WindowsStandalone target not found
[Package Manager] Failed to launch server process. Reason: Unity was launched with the -noUpm command-line argument
[Package Manager] Unable to send message (not connected to server process).
[Package Manager] Cannot connect to Unity Package Manager local server
Mono: successfully reloaded assembly
- Finished resetting the current domain, in  1.789 seconds
Domain Reload Profiling: 3054ms
	BeginReloadAssembly (354ms)
		ExecutionOrderSort (0ms)
		DisableScriptedObjects (11ms)
		BackupInstance (0ms)
		ReleaseScriptingObjects (0ms)
		CreateAndSetChildDomain (81ms)
	RebuildCommonClasses (57ms)
	RebuildNativeTypeToScriptingClass (27ms)
	initialDomainReloadingComplete (50ms)
	LoadAllAssembliesAndSetupDomain (776ms)
		LoadAssemblies (642ms)
		RebuildTransferFunctionScriptingTraits (0ms)
		AnalyzeDomain (304ms)
			TypeCache.Refresh (11ms)
				TypeCache.ScanAssembly (0ms)
			BuildScriptInfoCaches (270ms)
			ResolveRequiredComponents (17ms)
	FinalizeReload (1790ms)
		ReleaseScriptCaches (0ms)
		RebuildScriptCaches (0ms)
		SetupLoadedEditorAssemblies (1556ms)
			LogAssemblyErrors (0ms)
			InitializePlatformSupportModulesInManaged (2ms)
			SetLoadedEditorAssemblies (5ms)
			BeforeProcessingInitializeOnLoad (208ms)
			ProcessInitializeOnLoadAttributes (686ms)
			ProcessInitializeOnLoadMethodAttributes (645ms)
			AfterProcessingInitializeOnLoad (10ms)
			EditorAssembliesLoaded (0ms)
		ExecutionOrderSort2 (0ms)
		AwakeInstancesAfterBackupRestoration (23ms)
Refreshing native plugins compatible for Editor in 5.65 ms, found 7 plugins.
Preloading 0 native plugins for Editor in 0.00 ms.
Unloading 13 Unused Serialized files (Serialized files now loaded: 0)
Unloading 6496 unused Assets / (4.6 MB). Loaded Objects now: 7301.
Memory consumption went from 157.4 MB to 152.8 MB.
Total: 16.156900 ms (FindLiveObjects: 1.368600 ms CreateObjectMapping: 1.760000 ms MarkObjects: 9.622100 ms  DeleteObjects: 3.404300 ms)

Prepare: number of updated asset objects reloaded= 0
========================================================================
Received Prepare
Refreshing native plugins compatible for Editor in 7.45 ms, found 7 plugins.
Preloading 0 native plugins for Editor in 0.00 ms.
Unloading 13 Unused Serialized files (Serialized files now loaded: 0)
Unloading 6479 unused Assets / (4.7 MB). Loaded Objects now: 7301.
Memory consumption went from 157.5 MB to 152.7 MB.
Total: 13.142700 ms (FindLiveObjects: 1.127300 ms CreateObjectMapping: 0.841300 ms MarkObjects: 7.697200 ms  DeleteObjects: 3.474800 ms)

Prepare: number of updated asset objects reloaded= 0
========================================================================
Received Prepare
Begin MonoManager ReloadAssembly
[Licensing::Client] Successfully resolved entitlement details
[Licensing::Module] License group:
  Id: F4-GBTE-X4VW-QSVG-B2WS-XXXX
  Product: Unity Personal
  Type: ULF
  Expiration: Unlimited
[Licensing::Module] License group:
  Id: 10171100142060-UnityPersXXXX
  Product: Unity Personal
  Type: Assigned
  Expiration: Unlimited
- Loaded All Assemblies, in  1.272 seconds
Refreshing native plugins compatible for Editor in 4.16 ms, found 7 plugins.
Native extension for WindowsStandalone target not found
[Package Manager] Failed to launch server process. Reason: Unity was launched with the -noUpm command-line argument
[Package Manager] Unable to send message (not connected to server process).
[Package Manager] Cannot connect to Unity Package Manager local server
Mono: successfully reloaded assembly
- Finished resetting the current domain, in  1.912 seconds
Domain Reload Profiling: 3183ms
	BeginReloadAssembly (387ms)
		ExecutionOrderSort (0ms)
		DisableScriptedObjects (11ms)
		BackupInstance (0ms)
		ReleaseScriptingObjects (0ms)
		CreateAndSetChildDomain (78ms)
	RebuildCommonClasses (65ms)
	RebuildNativeTypeToScriptingClass (24ms)
	initialDomainReloadingComplete (58ms)
	LoadAllAssembliesAndSetupDomain (736ms)
		LoadAssemblies (641ms)
		RebuildTransferFunctionScriptingTraits (0ms)
		AnalyzeDomain (295ms)
			TypeCache.Refresh (14ms)
				TypeCache.ScanAssembly (1ms)
			BuildScriptInfoCaches (257ms)
			ResolveRequiredComponents (17ms)
	FinalizeReload (1913ms)
		ReleaseScriptCaches (0ms)
		RebuildScriptCaches (0ms)
		SetupLoadedEditorAssemblies (1673ms)
			LogAssemblyErrors (0ms)
			InitializePlatformSupportModulesInManaged (2ms)
			SetLoadedEditorAssemblies (5ms)
			BeforeProcessingInitializeOnLoad (224ms)
			ProcessInitializeOnLoadAttributes (706ms)
			ProcessInitializeOnLoadMethodAttributes (725ms)
			AfterProcessingInitializeOnLoad (10ms)
			EditorAssembliesLoaded (0ms)
		ExecutionOrderSort2 (0ms)
		AwakeInstancesAfterBackupRestoration (24ms)
Refreshing native plugins compatible for Editor in 5.91 ms, found 7 plugins.
Preloading 0 native plugins for Editor in 0.00 ms.
Unloading 13 Unused Serialized files (Serialized files now loaded: 0)
Unloading 6496 unused Assets / (4.5 MB). Loaded Objects now: 7304.
Memory consumption went from 157.4 MB to 152.9 MB.
Total: 12.788000 ms (FindLiveObjects: 1.583100 ms CreateObjectMapping: 1.118200 ms MarkObjects: 7.142300 ms  DeleteObjects: 2.942700 ms)

Prepare: number of updated asset objects reloaded= 0
========================================================================
Received Prepare
Begin MonoManager ReloadAssembly
- Loaded All Assemblies, in  1.198 seconds
Refreshing native plugins compatible for Editor in 4.30 ms, found 7 plugins.
Native extension for WindowsStandalone target not found
[Package Manager] Failed to launch server process. Reason: Unity was launched with the -noUpm command-line argument
[Package Manager] Unable to send message (not connected to server process).
[Package Manager] Cannot connect to Unity Package Manager local server
Mono: successfully reloaded assembly
- Finished resetting the current domain, in  1.843 seconds
Domain Reload Profiling: 3039ms
	BeginReloadAssembly (351ms)
		ExecutionOrderSort (0ms)
		DisableScriptedObjects (10ms)
		BackupInstance (0ms)
		ReleaseScriptingObjects (0ms)
		CreateAndSetChildDomain (81ms)
	RebuildCommonClasses (52ms)
	RebuildNativeTypeToScriptingClass (20ms)
	initialDomainReloadingComplete (46ms)
	LoadAllAssembliesAndSetupDomain (726ms)
		LoadAssemblies (594ms)
		RebuildTransferFunctionScriptingTraits (0ms)
		AnalyzeDomain (292ms)
			TypeCache.Refresh (10ms)
				TypeCache.ScanAssembly (0ms)
			BuildScriptInfoCaches (253ms)
			ResolveRequiredComponents (22ms)
	FinalizeReload (1843ms)
		ReleaseScriptCaches (0ms)
		RebuildScriptCaches (0ms)
		SetupLoadedEditorAssemblies (1589ms)
			LogAssemblyErrors (0ms)
			InitializePlatformSupportModulesInManaged (2ms)
			SetLoadedEditorAssemblies (5ms)
			BeforeProcessingInitializeOnLoad (211ms)
			ProcessInitializeOnLoadAttributes (708ms)
			ProcessInitializeOnLoadMethodAttributes (646ms)
			AfterProcessingInitializeOnLoad (16ms)
			EditorAssembliesLoaded (1ms)
		ExecutionOrderSort2 (0ms)
		AwakeInstancesAfterBackupRestoration (32ms)
Refreshing native plugins compatible for Editor in 6.27 ms, found 7 plugins.
Preloading 0 native plugins for Editor in 0.00 ms.
Unloading 13 Unused Serialized files (Serialized files now loaded: 0)
Unloading 6496 unused Assets / (4.7 MB). Loaded Objects now: 7307.
Memory consumption went from 157.4 MB to 152.8 MB.
Total: 15.322700 ms (FindLiveObjects: 1.117000 ms CreateObjectMapping: 1.553500 ms MarkObjects: 8.816600 ms  DeleteObjects: 3.834000 ms)

Prepare: number of updated asset objects reloaded= 0
========================================================================
Received Prepare
Refreshing native plugins compatible for Editor in 8.19 ms, found 7 plugins.
Preloading 0 native plugins for Editor in 0.00 ms.
Unloading 13 Unused Serialized files (Serialized files now loaded: 0)
Unloading 6479 unused Assets / (4.5 MB). Loaded Objects now: 7307.
Memory consumption went from 157.6 MB to 153.1 MB.
Total: 16.316000 ms (FindLiveObjects: 1.279100 ms CreateObjectMapping: 0.909100 ms MarkObjects: 11.470700 ms  DeleteObjects: 2.655100 ms)

Prepare: number of updated asset objects reloaded= 0
========================================================================
Received Prepare
Refreshing native plugins compatible for Editor in 11.10 ms, found 7 plugins.
Preloading 0 native plugins for Editor in 0.00 ms.
Unloading 13 Unused Serialized files (Serialized files now loaded: 0)
Unloading 6479 unused Assets / (3.7 MB). Loaded Objects now: 7307.
Memory consumption went from 157.6 MB to 153.9 MB.
Total: 23.379300 ms (FindLiveObjects: 2.028800 ms CreateObjectMapping: 1.393300 ms MarkObjects: 15.662900 ms  DeleteObjects: 4.292500 ms)

Prepare: number of updated asset objects reloaded= 0
========================================================================
Received Prepare
Refreshing native plugins compatible for Editor in 4.21 ms, found 7 plugins.
Preloading 0 native plugins for Editor in 0.00 ms.
Unloading 13 Unused Serialized files (Serialized files now loaded: 0)
Unloading 6479 unused Assets / (4.5 MB). Loaded Objects now: 7307.
Memory consumption went from 157.6 MB to 153.0 MB.
Total: 11.633200 ms (FindLiveObjects: 0.966500 ms CreateObjectMapping: 0.965000 ms MarkObjects: 6.968400 ms  DeleteObjects: 2.732000 ms)

Prepare: number of updated asset objects reloaded= 0
========================================================================
Received Prepare
Refreshing native plugins compatible for Editor in 4.53 ms, found 7 plugins.
Preloading 0 native plugins for Editor in 0.00 ms.
Unloading 13 Unused Serialized files (Serialized files now loaded: 0)
Unloading 6479 unused Assets / (4.3 MB). Loaded Objects now: 7307.
Memory consumption went from 157.6 MB to 153.2 MB.
Total: 44.248600 ms (FindLiveObjects: 1.507100 ms CreateObjectMapping: 1.085400 ms MarkObjects: 39.087100 ms  DeleteObjects: 2.567600 ms)

Prepare: number of updated asset objects reloaded= 0
========================================================================
Received Prepare
Refreshing native plugins compatible for Editor in 7.35 ms, found 7 plugins.
Preloading 0 native plugins for Editor in 0.00 ms.
Unloading 13 Unused Serialized files (Serialized files now loaded: 0)
Unloading 6479 unused Assets / (4.1 MB). Loaded Objects now: 7307.
Memory consumption went from 157.6 MB to 153.5 MB.
Total: 17.171300 ms (FindLiveObjects: 1.261900 ms CreateObjectMapping: 1.622500 ms MarkObjects: 9.588500 ms  DeleteObjects: 4.695700 ms)

Prepare: number of updated asset objects reloaded= 0
========================================================================
Received Prepare
Refreshing native plugins compatible for Editor in 4.99 ms, found 7 plugins.
Preloading 0 native plugins for Editor in 0.00 ms.
Unloading 13 Unused Serialized files (Serialized files now loaded: 0)
Unloading 6479 unused Assets / (4.0 MB). Loaded Objects now: 7307.
Memory consumption went from 157.6 MB to 153.6 MB.
Total: 12.113400 ms (FindLiveObjects: 0.977200 ms CreateObjectMapping: 0.873900 ms MarkObjects: 7.400000 ms  DeleteObjects: 2.861100 ms)

Prepare: number of updated asset objects reloaded= 0
========================================================================
Received Prepare
Refreshing native plugins compatible for Editor in 4.03 ms, found 7 plugins.
Preloading 0 native plugins for Editor in 0.00 ms.
Unloading 13 Unused Serialized files (Serialized files now loaded: 0)
Unloading 6479 unused Assets / (4.1 MB). Loaded Objects now: 7307.
Memory consumption went from 157.6 MB to 153.4 MB.
Total: 12.014400 ms (FindLiveObjects: 0.954700 ms CreateObjectMapping: 0.889200 ms MarkObjects: 7.469800 ms  DeleteObjects: 2.699100 ms)

Prepare: number of updated asset objects reloaded= 0
========================================================================
Received Prepare
Refreshing native plugins compatible for Editor in 4.81 ms, found 7 plugins.
Preloading 0 native plugins for Editor in 0.00 ms.
Unloading 13 Unused Serialized files (Serialized files now loaded: 0)
Unloading 6479 unused Assets / (4.2 MB). Loaded Objects now: 7307.
Memory consumption went from 157.6 MB to 153.4 MB.
Total: 13.088000 ms (FindLiveObjects: 1.063500 ms CreateObjectMapping: 0.732100 ms MarkObjects: 8.679400 ms  DeleteObjects: 2.611000 ms)

Prepare: number of updated asset objects reloaded= 0
========================================================================
Received Prepare
Refreshing native plugins compatible for Editor in 5.63 ms, found 7 plugins.
Preloading 0 native plugins for Editor in 0.00 ms.
Unloading 13 Unused Serialized files (Serialized files now loaded: 0)
Unloading 6479 unused Assets / (3.6 MB). Loaded Objects now: 7307.
Memory consumption went from 157.6 MB to 154.0 MB.
Total: 15.669200 ms (FindLiveObjects: 1.838100 ms CreateObjectMapping: 1.847300 ms MarkObjects: 8.499300 ms  DeleteObjects: 3.482100 ms)

Prepare: number of updated asset objects reloaded= 0
========================================================================
Received Prepare
Refreshing native plugins compatible for Editor in 4.28 ms, found 7 plugins.
Preloading 0 native plugins for Editor in 0.00 ms.
Unloading 13 Unused Serialized files (Serialized files now loaded: 0)
Unloading 6479 unused Assets / (4.5 MB). Loaded Objects now: 7307.
Memory consumption went from 157.6 MB to 153.1 MB.
Total: 11.632400 ms (FindLiveObjects: 0.969200 ms CreateObjectMapping: 0.972600 ms MarkObjects: 6.975500 ms  DeleteObjects: 2.713400 ms)

Prepare: number of updated asset objects reloaded= 0
========================================================================
Received Prepare
Begin MonoManager ReloadAssembly
[Licensing::Client] Successfully resolved entitlement details
[Licensing::Module] License group:
  Id: F4-GBTE-X4VW-QSVG-B2WS-XXXX
  Product: Unity Personal
  Type: ULF
  Expiration: Unlimited
[Licensing::Module] License group:
  Id: 10171100142060-UnityPersXXXX
  Product: Unity Personal
  Type: Assigned
  Expiration: Unlimited
- Loaded All Assemblies, in  8.263 seconds
Refreshing native plugins compatible for Editor in 4.11 ms, found 7 plugins.
Native extension for WindowsStandalone target not found
[Package Manager] Failed to launch server process. Reason: Unity was launched with the -noUpm command-line argument
[Package Manager] Unable to send message (not connected to server process).
[Package Manager] Cannot connect to Unity Package Manager local server
Mono: successfully reloaded assembly
- Finished resetting the current domain, in  1.750 seconds
Domain Reload Profiling: 10011ms
	BeginReloadAssembly (880ms)
		ExecutionOrderSort (0ms)
		DisableScriptedObjects (11ms)
		BackupInstance (0ms)
		ReleaseScriptingObjects (0ms)
		CreateAndSetChildDomain (79ms)
	RebuildCommonClasses (210ms)
	RebuildNativeTypeToScriptingClass (20ms)
	initialDomainReloadingComplete (50ms)
	LoadAllAssembliesAndSetupDomain (7100ms)
		LoadAssemblies (7405ms)
		RebuildTransferFunctionScriptingTraits (0ms)
		AnalyzeDomain (396ms)
			TypeCache.Refresh (24ms)
				TypeCache.ScanAssembly (1ms)
			BuildScriptInfoCaches (348ms)
			ResolveRequiredComponents (19ms)
	FinalizeReload (1751ms)
		ReleaseScriptCaches (0ms)
		RebuildScriptCaches (0ms)
		SetupLoadedEditorAssemblies (1512ms)
			LogAssemblyErrors (0ms)
			InitializePlatformSupportModulesInManaged (2ms)
			SetLoadedEditorAssemblies (5ms)
			BeforeProcessingInitializeOnLoad (204ms)
			ProcessInitializeOnLoadAttributes (666ms)
			ProcessInitializeOnLoadMethodAttributes (625ms)
			AfterProcessingInitializeOnLoad (10ms)
			EditorAssembliesLoaded (0ms)
		ExecutionOrderSort2 (0ms)
		AwakeInstancesAfterBackupRestoration (23ms)
Refreshing native plugins compatible for Editor in 4.20 ms, found 7 plugins.
Preloading 0 native plugins for Editor in 0.00 ms.
Unloading 13 Unused Serialized files (Serialized files now loaded: 0)
Unloading 6496 unused Assets / (4.7 MB). Loaded Objects now: 7310.
Memory consumption went from 157.5 MB to 152.8 MB.
Total: 11.878000 ms (FindLiveObjects: 1.501600 ms CreateObjectMapping: 0.777100 ms MarkObjects: 6.328700 ms  DeleteObjects: 3.269200 ms)

Prepare: number of updated asset objects reloaded= 0
========================================================================
Received Prepare
Begin MonoManager ReloadAssembly
[Licensing::Client] Successfully resolved entitlement details
[Licensing::Module] License group:
  Id: F4-GBTE-X4VW-QSVG-B2WS-XXXX
  Product: Unity Personal
  Type: ULF
  Expiration: Unlimited
[Licensing::Module] License group:
  Id: 10171100142060-UnityPersXXXX
  Product: Unity Personal
  Type: Assigned
  Expiration: Unlimited
- Loaded All Assemblies, in  1.191 seconds
Refreshing native plugins compatible for Editor in 4.22 ms, found 7 plugins.
Native extension for WindowsStandalone target not found
[Package Manager] Failed to launch server process. Reason: Unity was launched with the -noUpm command-line argument
[Package Manager] Unable to send message (not connected to server process).
[Package Manager] Cannot connect to Unity Package Manager local server
Mono: successfully reloaded assembly
- Finished resetting the current domain, in  1.813 seconds
Domain Reload Profiling: 3002ms
	BeginReloadAssembly (321ms)
		ExecutionOrderSort (0ms)
		DisableScriptedObjects (11ms)
		BackupInstance (0ms)
		ReleaseScriptingObjects (0ms)
		CreateAndSetChildDomain (74ms)
	RebuildCommonClasses (53ms)
	RebuildNativeTypeToScriptingClass (20ms)
	initialDomainReloadingComplete (51ms)
	LoadAllAssembliesAndSetupDomain (743ms)
		LoadAssemblies (605ms)
		RebuildTransferFunctionScriptingTraits (0ms)
		AnalyzeDomain (290ms)
			TypeCache.Refresh (11ms)
				TypeCache.ScanAssembly (0ms)
			BuildScriptInfoCaches (251ms)
			ResolveRequiredComponents (23ms)
	FinalizeReload (1814ms)
		ReleaseScriptCaches (0ms)
		RebuildScriptCaches (0ms)
		SetupLoadedEditorAssemblies (1562ms)
			LogAssemblyErrors (0ms)
			InitializePlatformSupportModulesInManaged (2ms)
			SetLoadedEditorAssemblies (5ms)
			BeforeProcessingInitializeOnLoad (209ms)
			ProcessInitializeOnLoadAttributes (699ms)
			ProcessInitializeOnLoadMethodAttributes (636ms)
			AfterProcessingInitializeOnLoad (10ms)
			EditorAssembliesLoaded (0ms)
		ExecutionOrderSort2 (0ms)
		AwakeInstancesAfterBackupRestoration (28ms)
Refreshing native plugins compatible for Editor in 5.23 ms, found 7 plugins.
Preloading 0 native plugins for Editor in 0.00 ms.
Unloading 13 Unused Serialized files (Serialized files now loaded: 0)
Unloading 6496 unused Assets / (4.5 MB). Loaded Objects now: 7313.
Memory consumption went from 157.5 MB to 153.0 MB.
Total: 15.683700 ms (FindLiveObjects: 1.138800 ms CreateObjectMapping: 1.762100 ms MarkObjects: 8.906800 ms  DeleteObjects: 3.874200 ms)

Prepare: number of updated asset objects reloaded= 0
========================================================================
Received Prepare
Refreshing native plugins compatible for Editor in 4.92 ms, found 7 plugins.
Preloading 0 native plugins for Editor in 0.00 ms.
Unloading 13 Unused Serialized files (Serialized files now loaded: 0)
Unloading 6479 unused Assets / (5.1 MB). Loaded Objects now: 7313.
Memory consumption went from 157.6 MB to 152.6 MB.
Total: 14.489900 ms (FindLiveObjects: 0.988500 ms CreateObjectMapping: 1.011300 ms MarkObjects: 8.069300 ms  DeleteObjects: 4.418800 ms)

Prepare: number of updated asset objects reloaded= 0
========================================================================
Received Prepare
Begin MonoManager ReloadAssembly
[Licensing::Client] Successfully resolved entitlement details
[Licensing::Module] License group:
  Id: F4-GBTE-X4VW-QSVG-B2WS-XXXX
  Product: Unity Personal
  Type: ULF
  Expiration: Unlimited
[Licensing::Module] License group:
  Id: 10171100142060-UnityPersXXXX
  Product: Unity Personal
  Type: Assigned
  Expiration: Unlimited
- Loaded All Assemblies, in  1.277 seconds
Refreshing native plugins compatible for Editor in 4.14 ms, found 7 plugins.
Native extension for WindowsStandalone target not found
[Package Manager] Failed to launch server process. Reason: Unity was launched with the -noUpm command-line argument
[Package Manager] Unable to send message (not connected to server process).
[Package Manager] Cannot connect to Unity Package Manager local server
Mono: successfully reloaded assembly
- Finished resetting the current domain, in  1.906 seconds
Domain Reload Profiling: 3180ms
	BeginReloadAssembly (388ms)
		ExecutionOrderSort (0ms)
		DisableScriptedObjects (11ms)
		BackupInstance (0ms)
		ReleaseScriptingObjects (0ms)
		CreateAndSetChildDomain (81ms)
	RebuildCommonClasses (64ms)
	RebuildNativeTypeToScriptingClass (24ms)
	initialDomainReloadingComplete (48ms)
	LoadAllAssembliesAndSetupDomain (750ms)
		LoadAssemblies (644ms)
		RebuildTransferFunctionScriptingTraits (0ms)
		AnalyzeDomain (288ms)
			TypeCache.Refresh (15ms)
				TypeCache.ScanAssembly (2ms)
			BuildScriptInfoCaches (245ms)
			ResolveRequiredComponents (22ms)
	FinalizeReload (1907ms)
		ReleaseScriptCaches (0ms)
		RebuildScriptCaches (0ms)
		SetupLoadedEditorAssemblies (1638ms)
			LogAssemblyErrors (0ms)
			InitializePlatformSupportModulesInManaged (2ms)
			SetLoadedEditorAssemblies (5ms)
			BeforeProcessingInitializeOnLoad (213ms)
			ProcessInitializeOnLoadAttributes (732ms)
			ProcessInitializeOnLoadMethodAttributes (675ms)
			AfterProcessingInitializeOnLoad (10ms)
			EditorAssembliesLoaded (0ms)
		ExecutionOrderSort2 (0ms)
		AwakeInstancesAfterBackupRestoration (34ms)
Refreshing native plugins compatible for Editor in 4.73 ms, found 7 plugins.
Preloading 0 native plugins for Editor in 0.00 ms.
Unloading 13 Unused Serialized files (Serialized files now loaded: 0)
Unloading 6496 unused Assets / (4.2 MB). Loaded Objects now: 7316.
Memory consumption went from 157.6 MB to 153.3 MB.
Total: 10.769000 ms (FindLiveObjects: 0.983600 ms CreateObjectMapping: 1.024000 ms MarkObjects: 6.249900 ms  DeleteObjects: 2.510300 ms)

Prepare: number of updated asset objects reloaded= 0
========================================================================
Received Prepare
Refreshing native plugins compatible for Editor in 4.99 ms, found 7 plugins.
Preloading 0 native plugins for Editor in 0.00 ms.
Unloading 13 Unused Serialized files (Serialized files now loaded: 0)
Unloading 6479 unused Assets / (3.8 MB). Loaded Objects now: 7316.
Memory consumption went from 157.7 MB to 153.8 MB.
Total: 11.569000 ms (FindLiveObjects: 1.040300 ms CreateObjectMapping: 0.792400 ms MarkObjects: 6.915000 ms  DeleteObjects: 2.819700 ms)

Prepare: number of updated asset objects reloaded= 0
========================================================================
Received Prepare
Begin MonoManager ReloadAssembly
[Licensing::Client] Successfully resolved entitlement details
[Licensing::Module] License group:
  Id: F4-GBTE-X4VW-QSVG-B2WS-XXXX
  Product: Unity Personal
  Type: ULF
  Expiration: Unlimited
[Licensing::Module] License group:
  Id: 10171100142060-UnityPersXXXX
  Product: Unity Personal
  Type: Assigned
  Expiration: Unlimited
- Loaded All Assemblies, in  1.383 seconds
Refreshing native plugins compatible for Editor in 4.11 ms, found 7 plugins.
Native extension for WindowsStandalone target not found
[Package Manager] Failed to launch server process. Reason: Unity was launched with the -noUpm command-line argument
[Package Manager] Unable to send message (not connected to server process).
[Package Manager] Cannot connect to Unity Package Manager local server
Mono: successfully reloaded assembly
- Finished resetting the current domain, in  1.861 seconds
Domain Reload Profiling: 3241ms
	BeginReloadAssembly (478ms)
		ExecutionOrderSort (0ms)
		DisableScriptedObjects (11ms)
		BackupInstance (0ms)
		ReleaseScriptingObjects (1ms)
		CreateAndSetChildDomain (173ms)
	RebuildCommonClasses (73ms)
	RebuildNativeTypeToScriptingClass (21ms)
	initialDomainReloadingComplete (51ms)
	LoadAllAssembliesAndSetupDomain (757ms)
		LoadAssemblies (632ms)
		RebuildTransferFunctionScriptingTraits (0ms)
		AnalyzeDomain (305ms)
			TypeCache.Refresh (13ms)
				TypeCache.ScanAssembly (1ms)
			BuildScriptInfoCaches (268ms)
			ResolveRequiredComponents (18ms)
	FinalizeReload (1862ms)
		ReleaseScriptCaches (0ms)
		RebuildScriptCaches (0ms)
		SetupLoadedEditorAssemblies (1594ms)
			LogAssemblyErrors (0ms)
			InitializePlatformSupportModulesInManaged (2ms)
			SetLoadedEditorAssemblies (6ms)
			BeforeProcessingInitializeOnLoad (218ms)
			ProcessInitializeOnLoadAttributes (730ms)
			ProcessInitializeOnLoadMethodAttributes (627ms)
			AfterProcessingInitializeOnLoad (10ms)
			EditorAssembliesLoaded (0ms)
		ExecutionOrderSort2 (0ms)
		AwakeInstancesAfterBackupRestoration (23ms)
Refreshing native plugins compatible for Editor in 6.36 ms, found 7 plugins.
Preloading 0 native plugins for Editor in 0.00 ms.
Unloading 13 Unused Serialized files (Serialized files now loaded: 0)
Unloading 6496 unused Assets / (4.2 MB). Loaded Objects now: 7319.
Memory consumption went from 157.6 MB to 153.4 MB.
Total: 11.063400 ms (FindLiveObjects: 1.272400 ms CreateObjectMapping: 1.001100 ms MarkObjects: 6.218100 ms  DeleteObjects: 2.570300 ms)

Prepare: number of updated asset objects reloaded= 0
========================================================================
Received Prepare
Begin MonoManager ReloadAssembly
- Loaded All Assemblies, in  1.202 seconds
Refreshing native plugins compatible for Editor in 4.35 ms, found 7 plugins.
Native extension for WindowsStandalone target not found
[Package Manager] Failed to launch server process. Reason: Unity was launched with the -noUpm command-line argument
[Package Manager] Unable to send message (not connected to server process).
[Package Manager] Cannot connect to Unity Package Manager local server
Mono: successfully reloaded assembly
- Finished resetting the current domain, in  1.891 seconds
Domain Reload Profiling: 3091ms
	BeginReloadAssembly (319ms)
		ExecutionOrderSort (0ms)
		DisableScriptedObjects (10ms)
		BackupInstance (0ms)
		ReleaseScriptingObjects (0ms)
		CreateAndSetChildDomain (69ms)
	RebuildCommonClasses (58ms)
	RebuildNativeTypeToScriptingClass (20ms)
	initialDomainReloadingComplete (44ms)
	LoadAllAssembliesAndSetupDomain (758ms)
		LoadAssemblies (624ms)
		RebuildTransferFunctionScriptingTraits (0ms)
		AnalyzeDomain (289ms)
			TypeCache.Refresh (9ms)
				TypeCache.ScanAssembly (0ms)
			BuildScriptInfoCaches (258ms)
			ResolveRequiredComponents (17ms)
	FinalizeReload (1892ms)
		ReleaseScriptCaches (0ms)
		RebuildScriptCaches (0ms)
		SetupLoadedEditorAssemblies (1628ms)
			LogAssemblyErrors (0ms)
			InitializePlatformSupportModulesInManaged (2ms)
			SetLoadedEditorAssemblies (5ms)
			BeforeProcessingInitializeOnLoad (215ms)
			ProcessInitializeOnLoadAttributes (721ms)
			ProcessInitializeOnLoadMethodAttributes (674ms)
			AfterProcessingInitializeOnLoad (10ms)
			EditorAssembliesLoaded (0ms)
		ExecutionOrderSort2 (0ms)
		AwakeInstancesAfterBackupRestoration (24ms)
Refreshing native plugins compatible for Editor in 5.23 ms, found 7 plugins.
Preloading 0 native plugins for Editor in 0.00 ms.
Unloading 13 Unused Serialized files (Serialized files now loaded: 0)
Unloading 6496 unused Assets / (4.2 MB). Loaded Objects now: 7322.
Memory consumption went from 157.6 MB to 153.4 MB.
Total: 15.173400 ms (FindLiveObjects: 1.216600 ms CreateObjectMapping: 1.284500 ms MarkObjects: 8.960200 ms  DeleteObjects: 3.710000 ms)

Prepare: number of updated asset objects reloaded= 0
========================================================================
Received Prepare
Begin MonoManager ReloadAssembly
[Licensing::Client] Successfully resolved entitlement details
[Licensing::Module] License group:
  Id: F4-GBTE-X4VW-QSVG-B2WS-XXXX
  Product: Unity Personal
  Type: ULF
  Expiration: Unlimited
[Licensing::Module] License group:
  Id: 10171100142060-UnityPersXXXX
  Product: Unity Personal
  Type: Assigned
  Expiration: Unlimited
- Loaded All Assemblies, in  1.214 seconds
Refreshing native plugins compatible for Editor in 4.49 ms, found 7 plugins.
Native extension for WindowsStandalone target not found
[Package Manager] Failed to launch server process. Reason: Unity was launched with the -noUpm command-line argument
[Package Manager] Unable to send message (not connected to server process).
[Package Manager] Cannot connect to Unity Package Manager local server
Mono: successfully reloaded assembly
- Finished resetting the current domain, in  1.811 seconds
Domain Reload Profiling: 3022ms
	BeginReloadAssembly (342ms)
		ExecutionOrderSort (0ms)
		DisableScriptedObjects (11ms)
		BackupInstance (0ms)
		ReleaseScriptingObjects (0ms)
		CreateAndSetChildDomain (76ms)
	RebuildCommonClasses (53ms)
	RebuildNativeTypeToScriptingClass (21ms)
	initialDomainReloadingComplete (46ms)
	LoadAllAssembliesAndSetupDomain (750ms)
		LoadAssemblies (632ms)
		RebuildTransferFunctionScriptingTraits (0ms)
		AnalyzeDomain (280ms)
			TypeCache.Refresh (13ms)
				TypeCache.ScanAssembly (1ms)
			BuildScriptInfoCaches (239ms)
			ResolveRequiredComponents (23ms)
	FinalizeReload (1811ms)
		ReleaseScriptCaches (0ms)
		RebuildScriptCaches (0ms)
		SetupLoadedEditorAssemblies (1561ms)
			LogAssemblyErrors (0ms)
			InitializePlatformSupportModulesInManaged (2ms)
			SetLoadedEditorAssemblies (5ms)
			BeforeProcessingInitializeOnLoad (205ms)
			ProcessInitializeOnLoadAttributes (708ms)
			ProcessInitializeOnLoadMethodAttributes (630ms)
			AfterProcessingInitializeOnLoad (10ms)
			EditorAssembliesLoaded (0ms)
		ExecutionOrderSort2 (0ms)
		AwakeInstancesAfterBackupRestoration (24ms)
Refreshing native plugins compatible for Editor in 4.13 ms, found 7 plugins.
Preloading 0 native plugins for Editor in 0.00 ms.
Unloading 13 Unused Serialized files (Serialized files now loaded: 0)
Unloading 6496 unused Assets / (4.2 MB). Loaded Objects now: 7325.
Memory consumption went from 157.7 MB to 153.5 MB.
Total: 11.536400 ms (FindLiveObjects: 0.968400 ms CreateObjectMapping: 0.856300 ms MarkObjects: 6.971200 ms  DeleteObjects: 2.738800 ms)

Prepare: number of updated asset objects reloaded= 0
========================================================================
Received Prepare
Begin MonoManager ReloadAssembly
- Loaded All Assemblies, in  1.285 seconds
Refreshing native plugins compatible for Editor in 4.11 ms, found 7 plugins.
Native extension for WindowsStandalone target not found
[Package Manager] Failed to launch server process. Reason: Unity was launched with the -noUpm command-line argument
[Package Manager] Unable to send message (not connected to server process).
[Package Manager] Cannot connect to Unity Package Manager local server
Mono: successfully reloaded assembly
- Finished resetting the current domain, in  1.855 seconds
Domain Reload Profiling: 3138ms
	BeginReloadAssembly (405ms)
		ExecutionOrderSort (0ms)
		DisableScriptedObjects (10ms)
		BackupInstance (0ms)
		ReleaseScriptingObjects (0ms)
		CreateAndSetChildDomain (106ms)
	RebuildCommonClasses (53ms)
	RebuildNativeTypeToScriptingClass (20ms)
	initialDomainReloadingComplete (43ms)
	LoadAllAssembliesAndSetupDomain (761ms)
		LoadAssemblies (612ms)
		RebuildTransferFunctionScriptingTraits (0ms)
		AnalyzeDomain (302ms)
			TypeCache.Refresh (9ms)
				TypeCache.ScanAssembly (0ms)
			BuildScriptInfoCaches (268ms)
			ResolveRequiredComponents (19ms)
	FinalizeReload (1856ms)
		ReleaseScriptCaches (0ms)
		RebuildScriptCaches (0ms)
		SetupLoadedEditorAssemblies (1617ms)
			LogAssemblyErrors (0ms)
			InitializePlatformSupportModulesInManaged (4ms)
			SetLoadedEditorAssemblies (5ms)
			BeforeProcessingInitializeOnLoad (204ms)
			ProcessInitializeOnLoadAttributes (716ms)
			ProcessInitializeOnLoadMethodAttributes (678ms)
			AfterProcessingInitializeOnLoad (10ms)
			EditorAssembliesLoaded (0ms)
		ExecutionOrderSort2 (0ms)
		AwakeInstancesAfterBackupRestoration (24ms)
Refreshing native plugins compatible for Editor in 4.45 ms, found 7 plugins.
Preloading 0 native plugins for Editor in 0.00 ms.
Unloading 13 Unused Serialized files (Serialized files now loaded: 0)
Unloading 6496 unused Assets / (4.2 MB). Loaded Objects now: 7328.
Memory consumption went from 157.7 MB to 153.5 MB.
Total: 10.808900 ms (FindLiveObjects: 0.950700 ms CreateObjectMapping: 0.841800 ms MarkObjects: 6.264900 ms  DeleteObjects: 2.749900 ms)

Prepare: number of updated asset objects reloaded= 0
========================================================================
Received Prepare
Begin MonoManager ReloadAssembly
[Licensing::Client] Successfully resolved entitlement details
[Licensing::Module] License group:
  Id: F4-GBTE-X4VW-QSVG-B2WS-XXXX
  Product: Unity Personal
  Type: ULF
  Expiration: Unlimited
[Licensing::Module] License group:
  Id: 10171100142060-UnityPersXXXX
  Product: Unity Personal
  Type: Assigned
  Expiration: Unlimited
- Loaded All Assemblies, in  7.861 seconds
Refreshing native plugins compatible for Editor in 4.71 ms, found 7 plugins.
Native extension for WindowsStandalone target not found
[Package Manager] Failed to launch server process. Reason: Unity was launched with the -noUpm command-line argument
[Package Manager] Unable to send message (not connected to server process).
[Package Manager] Cannot connect to Unity Package Manager local server
Mono: successfully reloaded assembly
- Finished resetting the current domain, in  1.815 seconds
Domain Reload Profiling: 9675ms
	BeginReloadAssembly (838ms)
		ExecutionOrderSort (0ms)
		DisableScriptedObjects (17ms)
		BackupInstance (0ms)
		ReleaseScriptingObjects (0ms)
		CreateAndSetChildDomain (86ms)
	RebuildCommonClasses (203ms)
	RebuildNativeTypeToScriptingClass (19ms)
	initialDomainReloadingComplete (47ms)
	LoadAllAssembliesAndSetupDomain (6752ms)
		LoadAssemblies (7084ms)
		RebuildTransferFunctionScriptingTraits (0ms)
		AnalyzeDomain (308ms)
			TypeCache.Refresh (18ms)
				TypeCache.ScanAssembly (1ms)
			BuildScriptInfoCaches (264ms)
			ResolveRequiredComponents (19ms)
	FinalizeReload (1816ms)
		ReleaseScriptCaches (0ms)
		RebuildScriptCaches (0ms)
		SetupLoadedEditorAssemblies (1584ms)
			LogAssemblyErrors (0ms)
			InitializePlatformSupportModulesInManaged (2ms)
			SetLoadedEditorAssemblies (5ms)
			BeforeProcessingInitializeOnLoad (214ms)
			ProcessInitializeOnLoadAttributes (681ms)
			ProcessInitializeOnLoadMethodAttributes (671ms)
			AfterProcessingInitializeOnLoad (11ms)
			EditorAssembliesLoaded (0ms)
		ExecutionOrderSort2 (0ms)
		AwakeInstancesAfterBackupRestoration (24ms)
Refreshing native plugins compatible for Editor in 4.51 ms, found 7 plugins.
Preloading 0 native plugins for Editor in 0.00 ms.
Unloading 13 Unused Serialized files (Serialized files now loaded: 0)
Unloading 6496 unused Assets / (4.0 MB). Loaded Objects now: 7331.
Memory consumption went from 157.7 MB to 153.7 MB.
Total: 10.706500 ms (FindLiveObjects: 1.072400 ms CreateObjectMapping: 0.806400 ms MarkObjects: 6.319300 ms  DeleteObjects: 2.506400 ms)

Prepare: number of updated asset objects reloaded= 0
========================================================================
Received Prepare
Begin MonoManager ReloadAssembly
[Licensing::Client] Successfully resolved entitlement details
[Licensing::Module] License group:
  Id: F4-GBTE-X4VW-QSVG-B2WS-XXXX
  Product: Unity Personal
  Type: ULF
  Expiration: Unlimited
[Licensing::Module] License group:
  Id: 10171100142060-UnityPersXXXX
  Product: Unity Personal
  Type: Assigned
  Expiration: Unlimited
- Loaded All Assemblies, in  1.238 seconds
Refreshing native plugins compatible for Editor in 4.20 ms, found 7 plugins.
Native extension for WindowsStandalone target not found
[Package Manager] Failed to launch server process. Reason: Unity was launched with the -noUpm command-line argument
[Package Manager] Unable to send message (not connected to server process).
[Package Manager] Cannot connect to Unity Package Manager local server
Mono: successfully reloaded assembly
- Finished resetting the current domain, in  1.838 seconds
Domain Reload Profiling: 3073ms
	BeginReloadAssembly (337ms)
		ExecutionOrderSort (0ms)
		DisableScriptedObjects (16ms)
		BackupInstance (0ms)
		ReleaseScriptingObjects (0ms)
		CreateAndSetChildDomain (73ms)
	RebuildCommonClasses (65ms)
	RebuildNativeTypeToScriptingClass (21ms)
	initialDomainReloadingComplete (60ms)
	LoadAllAssembliesAndSetupDomain (751ms)
		LoadAssemblies (633ms)
		RebuildTransferFunctionScriptingTraits (0ms)
		AnalyzeDomain (278ms)
			TypeCache.Refresh (9ms)
				TypeCache.ScanAssembly (0ms)
			BuildScriptInfoCaches (244ms)
			ResolveRequiredComponents (18ms)
	FinalizeReload (1839ms)
		ReleaseScriptCaches (0ms)
		RebuildScriptCaches (0ms)
		SetupLoadedEditorAssemblies (1585ms)
			LogAssemblyErrors (0ms)
			InitializePlatformSupportModulesInManaged (2ms)
			SetLoadedEditorAssemblies (5ms)
			BeforeProcessingInitializeOnLoad (214ms)
			ProcessInitializeOnLoadAttributes (688ms)
			ProcessInitializeOnLoadMethodAttributes (665ms)
			AfterProcessingInitializeOnLoad (10ms)
			EditorAssembliesLoaded (1ms)
		ExecutionOrderSort2 (0ms)
		AwakeInstancesAfterBackupRestoration (33ms)
Refreshing native plugins compatible for Editor in 5.39 ms, found 7 plugins.
Preloading 0 native plugins for Editor in 0.00 ms.
Unloading 13 Unused Serialized files (Serialized files now loaded: 0)
Unloading 6496 unused Assets / (4.1 MB). Loaded Objects now: 7334.
Memory consumption went from 157.8 MB to 153.7 MB.
Total: 10.279900 ms (FindLiveObjects: 0.978300 ms CreateObjectMapping: 0.790500 ms MarkObjects: 6.089800 ms  DeleteObjects: 2.419300 ms)

Prepare: number of updated asset objects reloaded= 0
========================================================================
Received Import Request.
  Time since last request: 4551.580249 seconds.
  path: Assets/Game/Audio/koncovka.mp3
  artifactKey: Guid(655af34b3d5720046b2eb226fde50394) Importer(815301076,1909f56bfc062723c751e8b465ee728b)
Start importing Assets/Game/Audio/koncovka.mp3 using Guid(655af34b3d5720046b2eb226fde50394) Importer(815301076,1909f56bfc062723c751e8b465ee728b) (PreviewImporter) -> (artifact id: '7e293094ec6553bbe2d1391d0ac09b58') in 0.8792807 seconds
Number of updated asset objects reloaded before import = 0Number of asset objects unloaded after import = 2

========================================================================
Received Prepare
Begin MonoManager ReloadAssembly
[Licensing::Client] Successfully resolved entitlement details
[Licensing::Module] License group:
  Id: F4-GBTE-X4VW-QSVG-B2WS-XXXX
  Product: Unity Personal
  Type: ULF
  Expiration: Unlimited
[Licensing::Module] License group:
  Id: 10171100142060-UnityPersXXXX
  Product: Unity Personal
  Type: Assigned
  Expiration: Unlimited
- Loaded All Assemblies, in  1.367 seconds
Refreshing native plugins compatible for Editor in 4.42 ms, found 7 plugins.
Native extension for WindowsStandalone target not found
[Package Manager] Failed to launch server process. Reason: Unity was launched with the -noUpm command-line argument
[Package Manager] Unable to send message (not connected to server process).
[Package Manager] Cannot connect to Unity Package Manager local server
Mono: successfully reloaded assembly
- Finished resetting the current domain, in  1.903 seconds
Domain Reload Profiling: 3267ms
	BeginReloadAssembly (404ms)
		ExecutionOrderSort (0ms)
		DisableScriptedObjects (17ms)
		BackupInstance (0ms)
		ReleaseScriptingObjects (0ms)
		CreateAndSetChildDomain (124ms)
	RebuildCommonClasses (64ms)
	RebuildNativeTypeToScriptingClass (20ms)
	initialDomainReloadingComplete (48ms)
	LoadAllAssembliesAndSetupDomain (829ms)
		LoadAssemblies (682ms)
		RebuildTransferFunctionScriptingTraits (0ms)
		AnalyzeDomain (319ms)
			TypeCache.Refresh (9ms)
				TypeCache.ScanAssembly (0ms)
			BuildScriptInfoCaches (278ms)
			ResolveRequiredComponents (25ms)
	FinalizeReload (1903ms)
		ReleaseScriptCaches (0ms)
		RebuildScriptCaches (0ms)
		SetupLoadedEditorAssemblies (1656ms)
			LogAssemblyErrors (0ms)
			InitializePlatformSupportModulesInManaged (2ms)
			SetLoadedEditorAssemblies (6ms)
			BeforeProcessingInitializeOnLoad (219ms)
			ProcessInitializeOnLoadAttributes (742ms)
			ProcessInitializeOnLoadMethodAttributes (673ms)
			AfterProcessingInitializeOnLoad (13ms)
			EditorAssembliesLoaded (1ms)
		ExecutionOrderSort2 (0ms)
		AwakeInstancesAfterBackupRestoration (28ms)
Refreshing native plugins compatible for Editor in 4.36 ms, found 7 plugins.
Preloading 0 native plugins for Editor in 0.00 ms.
Unloading 13 Unused Serialized files (Serialized files now loaded: 0)
Unloading 6496 unused Assets / (4.1 MB). Loaded Objects now: 7347.
Memory consumption went from 162.8 MB to 158.7 MB.
Total: 11.127900 ms (FindLiveObjects: 1.208600 ms CreateObjectMapping: 0.862000 ms MarkObjects: 6.362600 ms  DeleteObjects: 2.693000 ms)

Prepare: number of updated asset objects reloaded= 0
========================================================================
Received Prepare
Begin MonoManager ReloadAssembly
- Loaded All Assemblies, in  1.251 seconds
Refreshing native plugins compatible for Editor in 4.33 ms, found 7 plugins.
Native extension for WindowsStandalone target not found
[Package Manager] Failed to launch server process. Reason: Unity was launched with the -noUpm command-line argument
[Package Manager] Unable to send message (not connected to server process).
[Package Manager] Cannot connect to Unity Package Manager local server
Mono: successfully reloaded assembly
- Finished resetting the current domain, in  1.858 seconds
Domain Reload Profiling: 3107ms
	BeginReloadAssembly (366ms)
		ExecutionOrderSort (0ms)
		DisableScriptedObjects (12ms)
		BackupInstance (0ms)
		ReleaseScriptingObjects (0ms)
		CreateAndSetChildDomain (93ms)
	RebuildCommonClasses (53ms)
	RebuildNativeTypeToScriptingClass (20ms)
	initialDomainReloadingComplete (54ms)
	LoadAllAssembliesAndSetupDomain (756ms)
		LoadAssemblies (645ms)
		RebuildTransferFunctionScriptingTraits (0ms)
		AnalyzeDomain (284ms)
			TypeCache.Refresh (9ms)
				TypeCache.ScanAssembly (0ms)
			BuildScriptInfoCaches (252ms)
			ResolveRequiredComponents (18ms)
	FinalizeReload (1859ms)
		ReleaseScriptCaches (0ms)
		RebuildScriptCaches (0ms)
		SetupLoadedEditorAssemblies (1615ms)
			LogAssemblyErrors (0ms)
			InitializePlatformSupportModulesInManaged (2ms)
			SetLoadedEditorAssemblies (5ms)
			BeforeProcessingInitializeOnLoad (212ms)
			ProcessInitializeOnLoadAttributes (748ms)
			ProcessInitializeOnLoadMethodAttributes (637ms)
			AfterProcessingInitializeOnLoad (10ms)
			EditorAssembliesLoaded (0ms)
		ExecutionOrderSort2 (0ms)
		AwakeInstancesAfterBackupRestoration (25ms)
Refreshing native plugins compatible for Editor in 4.57 ms, found 7 plugins.
Preloading 0 native plugins for Editor in 0.00 ms.
Unloading 13 Unused Serialized files (Serialized files now loaded: 0)
Unloading 6496 unused Assets / (4.2 MB). Loaded Objects now: 7350.
Memory consumption went from 162.9 MB to 158.7 MB.
Total: 10.148300 ms (FindLiveObjects: 0.957600 ms CreateObjectMapping: 0.953500 ms MarkObjects: 5.831900 ms  DeleteObjects: 2.403800 ms)

Prepare: number of updated asset objects reloaded= 0
========================================================================
Received Import Request.
  Time since last request: 219.777295 seconds.
  path: Assets/Game/Prefabs/_FirePoint_ 3.prefab
  artifactKey: Guid(e71e9362a5562d347b2a5506f7db80f3) Importer(815301076,1909f56bfc062723c751e8b465ee728b)
Start importing Assets/Game/Prefabs/_FirePoint_ 3.prefab using Guid(e71e9362a5562d347b2a5506f7db80f3) Importer(815301076,1909f56bfc062723c751e8b465ee728b) (PreviewImporter) -> (artifact id: '5240e50b2562b9c8df6c783b2965f3c7') in 0.9895669 seconds
Number of updated asset objects reloaded before import = 0Number of asset objects unloaded after import = 95

========================================================================
Received Import Request.
  Time since last request: 0.000071 seconds.
  path: Assets/Game/Prefabs/Player.prefab
  artifactKey: Guid(0446acb84a7c9424d841676cef3b1d04) Importer(815301076,1909f56bfc062723c751e8b465ee728b)
Start importing Assets/Game/Prefabs/Player.prefab using Guid(0446acb84a7c9424d841676cef3b1d04) Importer(815301076,1909f56bfc062723c751e8b465ee728b) (PreviewImporter) -> (artifact id: '9e9fc460333f214b3ae898e53f2182dc') in 0.5770847 seconds
Number of updated asset objects reloaded before import = 0Number of asset objects unloaded after import = 281

========================================================================
Received Import Request.
  Time since last request: 0.000084 seconds.
  path: Assets/Game/Prefabs/Bullet.prefab
  artifactKey: Guid(4a5d4fe3266a20c439bd2f9fe506c7f5) Importer(815301076,1909f56bfc062723c751e8b465ee728b)
Start importing Assets/Game/Prefabs/Bullet.prefab using Guid(4a5d4fe3266a20c439bd2f9fe506c7f5) Importer(815301076,1909f56bfc062723c751e8b465ee728b) (PreviewImporter) -> (artifact id: '9015f6381813d027cac11ae1f955607f') in 0.0243226 seconds
Number of updated asset objects reloaded before import = 0Number of asset objects unloaded after import = 47

========================================================================
Received Import Request.
  Time since last request: 0.000044 seconds.
  path: Assets/Game/Prefabs/EnemyBullet .prefab
  artifactKey: Guid(b92fad1644f250649819c4a082e63eaf) Importer(815301076,1909f56bfc062723c751e8b465ee728b)
Start importing Assets/Game/Prefabs/EnemyBullet .prefab using Guid(b92fad1644f250649819c4a082e63eaf) Importer(815301076,1909f56bfc062723c751e8b465ee728b) (PreviewImporter) -> (artifact id: '00b98b4891698a23e651a8df0e6f40e5') in 0.0187532 seconds
Number of updated asset objects reloaded before import = 0Number of asset objects unloaded after import = 47

========================================================================
Received Import Request.
  Time since last request: 9.461944 seconds.
  path: Assets/Game/Vfx/ProjectileVFX (Red).prefab
  artifactKey: Guid(45c622ce0f6291e44b1acdaece3f0e59) Importer(815301076,1909f56bfc062723c751e8b465ee728b)
Start importing Assets/Game/Vfx/ProjectileVFX (Red).prefab using Guid(45c622ce0f6291e44b1acdaece3f0e59) Importer(815301076,1909f56bfc062723c751e8b465ee728b) (PreviewImporter) -> (artifact id: '0785a676a8c65c62a24a596ddba1a309') in 0.0252417 seconds
Number of updated asset objects reloaded before import = 0Number of asset objects unloaded after import = 28

========================================================================
Received Import Request.
  Time since last request: 17.532821 seconds.
  path: Assets/Game/Scenes/Game/ReflectionProbe-0.exr
  artifactKey: Guid(3770303f9cde4d84680bb4594147456c) Importer(815301076,1909f56bfc062723c751e8b465ee728b)
Start importing Assets/Game/Scenes/Game/ReflectionProbe-0.exr using Guid(3770303f9cde4d84680bb4594147456c) Importer(815301076,1909f56bfc062723c751e8b465ee728b) (PreviewImporter) -> (artifact id: 'a956c86fd6026867131e65993d245e08') in 0.0737208 seconds
Number of updated asset objects reloaded before import = 0Number of asset objects unloaded after import = 1

========================================================================
Received Import Request.
  Time since last request: 10.298103 seconds.
  path: Assets/3rdParty/AllIn13DShader/Demo/Models/Bowl.fbx
  artifactKey: Guid(a1986acc3a3ac8f4ea0f115242063aac) Importer(815301076,1909f56bfc062723c751e8b465ee728b)
Start importing Assets/3rdParty/AllIn13DShader/Demo/Models/Bowl.fbx using Guid(a1986acc3a3ac8f4ea0f115242063aac) Importer(815301076,1909f56bfc062723c751e8b465ee728b) (PreviewImporter) -> (artifact id: '16139bc7bffaf4c73ef2abbfc102f9c3') in 0.2002783 seconds
Number of updated asset objects reloaded before import = 0Number of asset objects unloaded after import = 13

========================================================================
Received Import Request.
  Time since last request: 0.000057 seconds.
  path: Assets/3rdParty/AllIn13DShader/Demo/Models/ChickenLeg.fbx
  artifactKey: Guid(51d665cb3fec6084fb0d70bb12a1c15b) Importer(815301076,1909f56bfc062723c751e8b465ee728b)
Start importing Assets/3rdParty/AllIn13DShader/Demo/Models/ChickenLeg.fbx using Guid(51d665cb3fec6084fb0d70bb12a1c15b) Importer(815301076,1909f56bfc062723c751e8b465ee728b) (PreviewImporter) -> (artifact id: '64b82d69667bd2412c95f8174717a2d2') in 0.1712666 seconds
Number of updated asset objects reloaded before import = 0Number of asset objects unloaded after import = 14

========================================================================
Received Import Request.
  Time since last request: 0.000073 seconds.
  path: Assets/3rdParty/AllIn13DShader/Demo/Models/Building1.fbx
  artifactKey: Guid(947f4a2fe2533904d84ccb3a576e4e05) Importer(815301076,1909f56bfc062723c751e8b465ee728b)
Start importing Assets/3rdParty/AllIn13DShader/Demo/Models/Building1.fbx using Guid(947f4a2fe2533904d84ccb3a576e4e05) Importer(815301076,1909f56bfc062723c751e8b465ee728b) (PreviewImporter) -> (artifact id: 'eea35851a43815c223804597be2be3c8') in 5.7123058 seconds
Number of updated asset objects reloaded before import = 0Number of asset objects unloaded after import = 14

========================================================================
Received Import Request.
  Time since last request: 0.000050 seconds.
  path: Assets/Samples/Universal Render Pipeline/17.2.0/URP Package Samples/Shaders/Lit/Materials/EmissionMap.mat
  artifactKey: Guid(ba07f5ddfe8f94c61ac3c22a32d15fc4) Importer(815301076,1909f56bfc062723c751e8b465ee728b)
Start importing Assets/Samples/Universal Render Pipeline/17.2.0/URP Package Samples/Shaders/Lit/Materials/EmissionMap.mat using Guid(ba07f5ddfe8f94c61ac3c22a32d15fc4) Importer(815301076,1909f56bfc062723c751e8b465ee728b) (PreviewImporter) -> (artifact id: '6521eb4dd05e30f661d2f3dbfe102a31') in 0.0668154 seconds
Number of updated asset objects reloaded before import = 0Number of asset objects unloaded after import = 2

========================================================================
Received Import Request.
  Time since last request: 0.000083 seconds.
  path: Packages/com.unity.searcher/Editor/Resources/FlatSkin/Font/Roboto-Thin.ttf
  artifactKey: Guid(19a9abb883540be48b75b951a927ae03) Importer(815301076,1909f56bfc062723c751e8b465ee728b)
Start importing Packages/com.unity.searcher/Editor/Resources/FlatSkin/Font/Roboto-Thin.ttf using Guid(19a9abb883540be48b75b951a927ae03) Importer(815301076,1909f56bfc062723c751e8b465ee728b) (PreviewImporter) -> (artifact id: '1b8a8c21036eb76b8ac3752742bb72c0') in 0.0507026 seconds
Number of updated asset objects reloaded before import = 0Number of asset objects unloaded after import = 4

========================================================================
Received Import Request.
  Time since last request: 0.000047 seconds.
  path: Assets/3rdParty/Polygon Arsenal/Models/PolyCapsuleOffset.FBX
  artifactKey: Guid(91c2cad7f7aa5614c9668d7ef4423630) Importer(815301076,1909f56bfc062723c751e8b465ee728b)
Start importing Assets/3rdParty/Polygon Arsenal/Models/PolyCapsuleOffset.FBX using Guid(91c2cad7f7aa5614c9668d7ef4423630) Importer(815301076,1909f56bfc062723c751e8b465ee728b) (PreviewImporter) -> (artifact id: '45368963ba8aa1bb3759d7e6a35240fe') in 0.0342685 seconds
Number of updated asset objects reloaded before import = 0Number of asset objects unloaded after import = 9

========================================================================
Received Import Request.
  Time since last request: 0.000050 seconds.
  path: Assets/3rdParty/Polygon Arsenal/Models/PolyDagger02.FBX
  artifactKey: Guid(13d335a5c64f18247b7fbc8ef4f9bc59) Importer(815301076,1909f56bfc062723c751e8b465ee728b)
Start importing Assets/3rdParty/Polygon Arsenal/Models/PolyDagger02.FBX using Guid(13d335a5c64f18247b7fbc8ef4f9bc59) Importer(815301076,1909f56bfc062723c751e8b465ee728b) (PreviewImporter) -> (artifact id: '56bd9eaf38b5333a87727c30910cb0da') in 0.0243603 seconds
Number of updated asset objects reloaded before import = 0Number of asset objects unloaded after import = 7

========================================================================
Received Import Request.
  Time since last request: 0.000055 seconds.
  path: Assets/Samples/Universal Render Pipeline/17.2.0/URP Package Samples/Shaders/Lit/Materials/EmissionOn.mat
  artifactKey: Guid(c2809691a61fc4a43b6483eee535d786) Importer(815301076,1909f56bfc062723c751e8b465ee728b)
Start importing Assets/Samples/Universal Render Pipeline/17.2.0/URP Package Samples/Shaders/Lit/Materials/EmissionOn.mat using Guid(c2809691a61fc4a43b6483eee535d786) Importer(815301076,1909f56bfc062723c751e8b465ee728b) (PreviewImporter) -> (artifact id: '0176495858991a064b4e26d3f47b2503') in 6.5236109 seconds
Number of updated asset objects reloaded before import = 0Number of asset objects unloaded after import = 7

========================================================================
Received Import Request.
  Time since last request: 0.000072 seconds.
  path: Assets/3rdParty/PolygonSciFiSpace/Materials/FX_Materials/FX_Explosion.mat
  artifactKey: Guid(c44d9100c3587264ead98493219f1fa1) Importer(815301076,1909f56bfc062723c751e8b465ee728b)
Start importing Assets/3rdParty/PolygonSciFiSpace/Materials/FX_Materials/FX_Explosion.mat using Guid(c44d9100c3587264ead98493219f1fa1) Importer(815301076,1909f56bfc062723c751e8b465ee728b) (PreviewImporter) -> (artifact id: 'a4954b9803e4e69f5431e9bd0dad2577') in 0.0388074 seconds
Number of updated asset objects reloaded before import = 0Number of asset objects unloaded after import = 2

========================================================================
Received Import Request.
  Time since last request: 0.000056 seconds.
  path: Assets/Samples/Universal Render Pipeline/17.2.0/URP Package Samples/RendererFeatures/DistortTunnel/Plane/plane.fbx
  artifactKey: Guid(27e8c81c66b852f4b8a7544bc62dc04d) Importer(815301076,1909f56bfc062723c751e8b465ee728b)
Start importing Assets/Samples/Universal Render Pipeline/17.2.0/URP Package Samples/RendererFeatures/DistortTunnel/Plane/plane.fbx using Guid(27e8c81c66b852f4b8a7544bc62dc04d) Importer(815301076,1909f56bfc062723c751e8b465ee728b) (PreviewImporter) -> (artifact id: '1172c9a69c566e98669115d6cf0e87c8') in 0.029346 seconds
Number of updated asset objects reloaded before import = 0Number of asset objects unloaded after import = 7

========================================================================
Received Import Request.
  Time since last request: 0.000048 seconds.
  path: Assets/3rdParty/Polygon Arsenal/Models/PolyBoneSpike1.FBX
  artifactKey: Guid(bdbf9149486d41944beb97d32657ca3f) Importer(815301076,1909f56bfc062723c751e8b465ee728b)
Start importing Assets/3rdParty/Polygon Arsenal/Models/PolyBoneSpike1.FBX using Guid(bdbf9149486d41944beb97d32657ca3f) Importer(815301076,1909f56bfc062723c751e8b465ee728b) (PreviewImporter) -> (artifact id: '3b1ff56179d53745b2a6ed6b6d296039') in 0.0316139 seconds
Number of updated asset objects reloaded before import = 0Number of asset objects unloaded after import = 7

========================================================================
Received Import Request.
  Time since last request: 0.000055 seconds.
  path: Assets/Samples/Universal Render Pipeline/17.2.0/URP Package Samples/SharedAssets/Fonts/Lato-Regular.ttf
  artifactKey: Guid(41c277dc43e1949a49ddfa34597b8af2) Importer(815301076,1909f56bfc062723c751e8b465ee728b)
Start importing Assets/Samples/Universal Render Pipeline/17.2.0/URP Package Samples/SharedAssets/Fonts/Lato-Regular.ttf using Guid(41c277dc43e1949a49ddfa34597b8af2) Importer(815301076,1909f56bfc062723c751e8b465ee728b) (PreviewImporter) -> (artifact id: 'e38b24f8f9ade6c94c6e267166da6cef') in 0.0215796 seconds
Number of updated asset objects reloaded before import = 0Number of asset objects unloaded after import = 4

========================================================================
Received Import Request.
  Time since last request: 0.000078 seconds.
  path: Assets/3rdParty/Polygon Arsenal/Models/PolyChainMid.FBX
  artifactKey: Guid(954a005b594c3c04e80b8050308c5d73) Importer(815301076,1909f56bfc062723c751e8b465ee728b)
Start importing Assets/3rdParty/Polygon Arsenal/Models/PolyChainMid.FBX using Guid(954a005b594c3c04e80b8050308c5d73) Importer(815301076,1909f56bfc062723c751e8b465ee728b) (PreviewImporter) -> (artifact id: '9cbc4848fc062c22f153d6f1d7c54de2') in 0.0318431 seconds
Number of updated asset objects reloaded before import = 0Number of asset objects unloaded after import = 7

========================================================================
Received Import Request.
  Time since last request: 0.000046 seconds.
  path: Assets/3rdParty/Polygon Arsenal/Models/PolyBoneGory01.FBX
  artifactKey: Guid(2451a78dc6d4a63498777073b14273f6) Importer(815301076,1909f56bfc062723c751e8b465ee728b)
Start importing Assets/3rdParty/Polygon Arsenal/Models/PolyBoneGory01.FBX using Guid(2451a78dc6d4a63498777073b14273f6) Importer(815301076,1909f56bfc062723c751e8b465ee728b) (PreviewImporter) -> (artifact id: 'd48311f49717e124ff24d6533fdf5a4c') in 6.6104674 seconds
Number of updated asset objects reloaded before import = 0Number of asset objects unloaded after import = 10

========================================================================
Received Import Request.
  Time since last request: 0.000048 seconds.
  path: Assets/3rdParty/Polygon Arsenal/Models/PolyChainVines2.FBX
  artifactKey: Guid(24179f7cf1515c74e8fd7d110c39d484) Importer(815301076,1909f56bfc062723c751e8b465ee728b)
Start importing Assets/3rdParty/Polygon Arsenal/Models/PolyChainVines2.FBX using Guid(24179f7cf1515c74e8fd7d110c39d484) Importer(815301076,1909f56bfc062723c751e8b465ee728b) (PreviewImporter) -> (artifact id: '8eb29198157972d767f75c04b0658782') in 0.0311656 seconds
Number of updated asset objects reloaded before import = 0Number of asset objects unloaded after import = 7

========================================================================
Received Import Request.
  Time since last request: 0.000076 seconds.
  path: Assets/3rdParty/AllIn13DShader/Demo/Models/Building2.fbx
  artifactKey: Guid(21526d5eef635ae4eacc169a9af24b40) Importer(815301076,1909f56bfc062723c751e8b465ee728b)
Start importing Assets/3rdParty/AllIn13DShader/Demo/Models/Building2.fbx using Guid(21526d5eef635ae4eacc169a9af24b40) Importer(815301076,1909f56bfc062723c751e8b465ee728b) (PreviewImporter) -> (artifact id: '1549fa962baa5c93ad64ae823de38617') in 0.0414178 seconds
Number of updated asset objects reloaded before import = 0Number of asset objects unloaded after import = 14

========================================================================
Received Import Request.
  Time since last request: 0.000039 seconds.
  path: Assets/3rdParty/AllIn13DShader/Demo/Models/Cheese.fbx
  artifactKey: Guid(47cb89b9c93533149964a0ac3aeb5bfb) Importer(815301076,1909f56bfc062723c751e8b465ee728b)
Start importing Assets/3rdParty/AllIn13DShader/Demo/Models/Cheese.fbx using Guid(47cb89b9c93533149964a0ac3aeb5bfb) Importer(815301076,1909f56bfc062723c751e8b465ee728b) (PreviewImporter) -> (artifact id: '0124af0bf37394e261ef76bac4ced4b6') in 0.0419738 seconds
Number of updated asset objects reloaded before import = 0Number of asset objects unloaded after import = 14

========================================================================
Received Import Request.
  Time since last request: 0.000045 seconds.
  path: Packages/com.unity.searcher/Editor/Resources/FlatSkin/Font/Roboto-BlackItalic.ttf
  artifactKey: Guid(f95147a9bab9fe649b8070170fa7ebd2) Importer(815301076,1909f56bfc062723c751e8b465ee728b)
Start importing Packages/com.unity.searcher/Editor/Resources/FlatSkin/Font/Roboto-BlackItalic.ttf using Guid(f95147a9bab9fe649b8070170fa7ebd2) Importer(815301076,1909f56bfc062723c751e8b465ee728b) (PreviewImporter) -> (artifact id: 'e3b0fb401345ae613a23722317ef1c3d') in 0.0198734 seconds
Number of updated asset objects reloaded before import = 0Number of asset objects unloaded after import = 4

========================================================================
Received Import Request.
  Time since last request: 0.000058 seconds.
  path: Assets/3rdParty/AllIn13DShader/Demo/Models/FloorCircular.fbx
  artifactKey: Guid(3d6961085aca9d1418ea78b40ad94f1c) Importer(815301076,1909f56bfc062723c751e8b465ee728b)
Start importing Assets/3rdParty/AllIn13DShader/Demo/Models/FloorCircular.fbx using Guid(3d6961085aca9d1418ea78b40ad94f1c) Importer(815301076,1909f56bfc062723c751e8b465ee728b) (PreviewImporter) -> (artifact id: 'adf95b876ea27371a7dd41c51464267c') in 5.5064362 seconds
Number of updated asset objects reloaded before import = 0Number of asset objects unloaded after import = 29

========================================================================
Received Import Request.
  Time since last request: 0.000057 seconds.
  path: Packages/com.unity.render-pipelines.universal/Runtime/Materials/ArnoldStandardSurface/ArnoldStandardSurface.shadergraph
  artifactKey: Guid(3739e562a03fc0b4982d8aa66cc50865) Importer(815301076,1909f56bfc062723c751e8b465ee728b)
Start importing Packages/com.unity.render-pipelines.universal/Runtime/Materials/ArnoldStandardSurface/ArnoldStandardSurface.shadergraph using Guid(3739e562a03fc0b4982d8aa66cc50865) Importer(815301076,1909f56bfc062723c751e8b465ee728b) (PreviewImporter) -> (artifact id: '88cc94d17696a499c5429cec71f1dbfc') in 7.3090126 seconds
Number of updated asset objects reloaded before import = 0Number of asset objects unloaded after import = 5

========================================================================
Received Import Request.
  Time since last request: 0.000077 seconds.
  path: Assets/TutorialInfo/Icons
  artifactKey: Guid(8a0c9218a650547d98138cd835033977) Importer(815301076,1909f56bfc062723c751e8b465ee728b)
Start importing Assets/TutorialInfo/Icons using Guid(8a0c9218a650547d98138cd835033977) Importer(815301076,1909f56bfc062723c751e8b465ee728b) (PreviewImporter) -> (artifact id: 'c9c7415bdab933d7273c5ec20f23b884') in 0.0016783 seconds
Number of updated asset objects reloaded before import = 0Number of asset objects unloaded after import = 0

========================================================================
Received Import Request.
  Time since last request: 0.000043 seconds.
  path: Assets/3rdParty/PolygonSciFiSpace/Materials/FX_Materials/FX_LightRay_02.mat
  artifactKey: Guid(722710211571c0e4696b25c4b086c9b1) Importer(815301076,1909f56bfc062723c751e8b465ee728b)
Start importing Assets/3rdParty/PolygonSciFiSpace/Materials/FX_Materials/FX_LightRay_02.mat using Guid(722710211571c0e4696b25c4b086c9b1) Importer(815301076,1909f56bfc062723c751e8b465ee728b) (PreviewImporter) -> (artifact id: 'af17fee93efbc0dc5c5bc63abdd223b4') in 0.0671773 seconds
Number of updated asset objects reloaded before import = 0Number of asset objects unloaded after import = 1

========================================================================
Received Import Request.
  Time since last request: 0.000046 seconds.
  path: Assets/Samples/Universal Render Pipeline/17.2.0/URP Package Samples/Decals/ProxyLighting/Materials/BlueSpotlight.mat
  artifactKey: Guid(c648de8231cde4fdfa786d06e5d8ad57) Importer(815301076,1909f56bfc062723c751e8b465ee728b)
Start importing Assets/Samples/Universal Render Pipeline/17.2.0/URP Package Samples/Decals/ProxyLighting/Materials/BlueSpotlight.mat using Guid(c648de8231cde4fdfa786d06e5d8ad57) Importer(815301076,1909f56bfc062723c751e8b465ee728b) (PreviewImporter) -> (artifact id: 'bd643a7cf2ec1248674d3bb8b31dde17') in 0.0238221 seconds
Number of updated asset objects reloaded before import = 0Number of asset objects unloaded after import = 2

========================================================================
Received Import Request.
  Time since last request: 0.000072 seconds.
  path: Packages/com.unity.searcher/Editor/Resources/FlatSkin/Font/Roboto-Medium.ttf
  artifactKey: Guid(a51a3aebb43ac044989270407476b208) Importer(815301076,1909f56bfc062723c751e8b465ee728b)
Start importing Packages/com.unity.searcher/Editor/Resources/FlatSkin/Font/Roboto-Medium.ttf using Guid(a51a3aebb43ac044989270407476b208) Importer(815301076,1909f56bfc062723c751e8b465ee728b) (PreviewImporter) -> (artifact id: '60cc1eb7188ef41a83f4b2ce8acaa197') in 0.0178523 seconds
Number of updated asset objects reloaded before import = 0Number of asset objects unloaded after import = 4

========================================================================
Received Import Request.
  Time since last request: 0.000037 seconds.
  path: Packages/com.unity.searcher/Editor/Resources/FlatSkin/Font/Roboto-BoldItalic.ttf
  artifactKey: Guid(dfb97a9307a577a41bcacba34b9a7e32) Importer(815301076,1909f56bfc062723c751e8b465ee728b)
Start importing Packages/com.unity.searcher/Editor/Resources/FlatSkin/Font/Roboto-BoldItalic.ttf using Guid(dfb97a9307a577a41bcacba34b9a7e32) Importer(815301076,1909f56bfc062723c751e8b465ee728b) (PreviewImporter) -> (artifact id: '7e8801afa8fb8ef0c3f009d009cfeb12') in 0.0220613 seconds
Number of updated asset objects reloaded before import = 0Number of asset objects unloaded after import = 4

========================================================================
Received Import Request.
  Time since last request: 0.000048 seconds.
  path: Assets/3rdParty/AllIn13DShader/Demo/Models/Platform2.fbx
  artifactKey: Guid(f65d48619d28f3942b99389f0055b30d) Importer(815301076,1909f56bfc062723c751e8b465ee728b)
Start importing Assets/3rdParty/AllIn13DShader/Demo/Models/Platform2.fbx using Guid(f65d48619d28f3942b99389f0055b30d) Importer(815301076,1909f56bfc062723c751e8b465ee728b) (PreviewImporter) -> (artifact id: '4eb6c6f6e12e24560beb59c44eec7dd1') in 5.4613786 seconds
Number of updated asset objects reloaded before import = 0Number of asset objects unloaded after import = 14

========================================================================
Received Import Request.
  Time since last request: 0.000064 seconds.
  path: Assets/3rdParty/AllIn13DShader/Demo/Models/KnightMesh.fbx
  artifactKey: Guid(ac4d074858f979f4e95e1f5ea66dfaea) Importer(815301076,1909f56bfc062723c751e8b465ee728b)
Start importing Assets/3rdParty/AllIn13DShader/Demo/Models/KnightMesh.fbx using Guid(ac4d074858f979f4e95e1f5ea66dfaea) Importer(815301076,1909f56bfc062723c751e8b465ee728b) (PreviewImporter) -> (artifact id: 'a4e3099b6737983f9cccc20a1f8a57b6') in 5.6434182 seconds
Number of updated asset objects reloaded before import = 0Number of asset objects unloaded after import = 166

========================================================================
Received Import Request.
  Time since last request: 0.000049 seconds.
  path: Assets/3rdParty/AllIn13DShader/Demo/Models/Building3.fbx
  artifactKey: Guid(c5e8c17cfacf20244bb5fba67480635c) Importer(815301076,1909f56bfc062723c751e8b465ee728b)
Start importing Assets/3rdParty/AllIn13DShader/Demo/Models/Building3.fbx using Guid(c5e8c17cfacf20244bb5fba67480635c) Importer(815301076,1909f56bfc062723c751e8b465ee728b) (PreviewImporter) -> (artifact id: 'a3b42d7f2b5e7f128c01d7761c594ab3') in 0.0381524 seconds
Number of updated asset objects reloaded before import = 0Number of asset objects unloaded after import = 14

========================================================================
Received Import Request.
  Time since last request: 0.000071 seconds.
  path: Assets/3rdParty/Polygon Arsenal/Models/PolyArrow.FBX
  artifactKey: Guid(5e5aee3af2950fa438aacdb9122fb572) Importer(815301076,1909f56bfc062723c751e8b465ee728b)
Start importing Assets/3rdParty/Polygon Arsenal/Models/PolyArrow.FBX using Guid(5e5aee3af2950fa438aacdb9122fb572) Importer(815301076,1909f56bfc062723c751e8b465ee728b) (PreviewImporter) -> (artifact id: '10d89837110ed28e2f677f90d0eef33d') in 0.0455801 seconds
Number of updated asset objects reloaded before import = 0Number of asset objects unloaded after import = 7

========================================================================
Received Import Request.
  Time since last request: 0.000051 seconds.
  path: Assets/3rdParty/Polygon Arsenal/Models/PolyGlowTubeCentered.FBX
  artifactKey: Guid(9dbbd281c22224c48a1e0f5c0adf6797) Importer(815301076,1909f56bfc062723c751e8b465ee728b)
Start importing Assets/3rdParty/Polygon Arsenal/Models/PolyGlowTubeCentered.FBX using Guid(9dbbd281c22224c48a1e0f5c0adf6797) Importer(815301076,1909f56bfc062723c751e8b465ee728b) (PreviewImporter) -> (artifact id: '14a16190d32f862f924dd7fdcdec47df') in 0.0289474 seconds
Number of updated asset objects reloaded before import = 0Number of asset objects unloaded after import = 9

========================================================================
Received Import Request.
  Time since last request: 0.000068 seconds.
  path: Assets/3rdParty/Polygon Arsenal/Models/PolyBoneSpike2.FBX
  artifactKey: Guid(25a76341b9dffb643a422788fa865c4c) Importer(815301076,1909f56bfc062723c751e8b465ee728b)
Start importing Assets/3rdParty/Polygon Arsenal/Models/PolyBoneSpike2.FBX using Guid(25a76341b9dffb643a422788fa865c4c) Importer(815301076,1909f56bfc062723c751e8b465ee728b) (PreviewImporter) -> (artifact id: 'b6453d23baad08663d0ddcf13459768e') in 0.0251839 seconds
Number of updated asset objects reloaded before import = 0Number of asset objects unloaded after import = 7

========================================================================
Received Import Request.
  Time since last request: 0.000060 seconds.
  path: Assets/3rdParty/Polygon Arsenal/Models/PolyBoulder01.FBX
  artifactKey: Guid(0a1a59e2512cc3f45875d8c1a62d4fab) Importer(815301076,1909f56bfc062723c751e8b465ee728b)
Start importing Assets/3rdParty/Polygon Arsenal/Models/PolyBoulder01.FBX using Guid(0a1a59e2512cc3f45875d8c1a62d4fab) Importer(815301076,1909f56bfc062723c751e8b465ee728b) (PreviewImporter) -> (artifact id: 'b9a83f18f4d74e3ba22047016667ab86') in 0.0947867 seconds
Number of updated asset objects reloaded before import = 0Number of asset objects unloaded after import = 9

========================================================================
Received Import Request.
  Time since last request: 0.000058 seconds.
  path: Assets/3rdParty/Polygon Arsenal/Models/PolyGearLow.FBX
  artifactKey: Guid(0e5a6dd6236b7a648b6b12fe290a458b) Importer(815301076,1909f56bfc062723c751e8b465ee728b)
Start importing Assets/3rdParty/Polygon Arsenal/Models/PolyGearLow.FBX using Guid(0e5a6dd6236b7a648b6b12fe290a458b) Importer(815301076,1909f56bfc062723c751e8b465ee728b) (PreviewImporter) -> (artifact id: '632c301e9cb203e3eb27acd07d4772de') in 0.0345363 seconds
Number of updated asset objects reloaded before import = 0Number of asset objects unloaded after import = 7

========================================================================
Received Import Request.
  Time since last request: 0.000063 seconds.
  path: Assets/3rdParty/PolygonSciFiSpace/Materials/FX_Materials/FX_Clouds.mat
  artifactKey: Guid(e09805caf7b9f494681c9218e7ea1722) Importer(815301076,1909f56bfc062723c751e8b465ee728b)
Start importing Assets/3rdParty/PolygonSciFiSpace/Materials/FX_Materials/FX_Clouds.mat using Guid(e09805caf7b9f494681c9218e7ea1722) Importer(815301076,1909f56bfc062723c751e8b465ee728b) (PreviewImporter) -> (artifact id: '4b39872d9484fd174e411f4d1fe58270') in 0.0212425 seconds
Number of updated asset objects reloaded before import = 0Number of asset objects unloaded after import = 2

========================================================================
Received Import Request.
  Time since last request: 0.000049 seconds.
  path: Assets/Samples/Universal Render Pipeline/17.2.0/URP Package Samples/CameraStacking/3D Skybox/Materials/Building.mat
  artifactKey: Guid(e3a93228db90c4c7dbd3b23103a258ca) Importer(815301076,1909f56bfc062723c751e8b465ee728b)
Start importing Assets/Samples/Universal Render Pipeline/17.2.0/URP Package Samples/CameraStacking/3D Skybox/Materials/Building.mat using Guid(e3a93228db90c4c7dbd3b23103a258ca) Importer(815301076,1909f56bfc062723c751e8b465ee728b) (PreviewImporter) -> (artifact id: 'cd850f44cf6038c32038f29a7ee10027') in 6.2881356 seconds
Number of updated asset objects reloaded before import = 0Number of asset objects unloaded after import = 6

========================================================================
Received Import Request.
  Time since last request: 9.979251 seconds.
  path: Assets/3rdParty/PolygonSciFiSpace/Textures/FX_Textures/PolygonSciFiSpace_Skybox_04_Back.png
  artifactKey: Guid(ae84ce89d1258e247a04ad918e96e5bb) Importer(815301076,1909f56bfc062723c751e8b465ee728b)
Start importing Assets/3rdParty/PolygonSciFiSpace/Textures/FX_Textures/PolygonSciFiSpace_Skybox_04_Back.png using Guid(ae84ce89d1258e247a04ad918e96e5bb) Importer(815301076,1909f56bfc062723c751e8b465ee728b) (PreviewImporter) -> (artifact id: '82d408e083d33f5a866bf55cf55cbc32') in 0.04432 seconds
Number of updated asset objects reloaded before import = 0Number of asset objects unloaded after import = 2

========================================================================
Received Import Request.
  Time since last request: 7.036099 seconds.
  path: Assets/Game/Scripts/GameObjects/Bullet/BulletPoolManager.cs
  artifactKey: Guid(11cd6dffd0b49964a914419b2c2abf34) Importer(2089858483,192608db42251d675da83286b1cce702)
Start importing Assets/Game/Scripts/GameObjects/Bullet/BulletPoolManager.cs using Guid(11cd6dffd0b49964a914419b2c2abf34) Importer(2089858483,192608db42251d675da83286b1cce702) (ScriptedImporter) -> (artifact id: '16c2b94d3e9fa85dc8f595d99d6ea3be') in 0.1378593 seconds
Number of updated asset objects reloaded before import = 0Number of asset objects unloaded after import = 0

========================================================================
Received Import Request.
  Time since last request: 0.000054 seconds.
  path: Assets/Game/Scripts/GameObjects/IEnemyDespawner.cs
  artifactKey: Guid(27950001d0cb5b64aab96d02969d45ed) Importer(2089858483,192608db42251d675da83286b1cce702)
Start importing Assets/Game/Scripts/GameObjects/IEnemyDespawner.cs using Guid(27950001d0cb5b64aab96d02969d45ed) Importer(2089858483,192608db42251d675da83286b1cce702) (ScriptedImporter) -> (artifact id: '8ac075879eb82ba6de432e5289b091e7') in 0.0178828 seconds
Number of updated asset objects reloaded before import = 0Number of asset objects unloaded after import = 0

========================================================================
Received Import Request.
  Time since last request: 0.000053 seconds.
  path: Assets/Game/Scenes/Game.unity
  artifactKey: Guid(d2e36b1a96a117e4bab1fee5eae04aa3) Importer(2089858483,192608db42251d675da83286b1cce702)
Start importing Assets/Game/Scenes/Game.unity using Guid(d2e36b1a96a117e4bab1fee5eae04aa3) Importer(2089858483,192608db42251d675da83286b1cce702) (ScriptedImporter) -> (artifact id: 'bb8ad0f69c2a12ae1d56d400fa508a79') in 0.0264854 seconds
Number of updated asset objects reloaded before import = 0Number of asset objects unloaded after import = 1

========================================================================
Received Import Request.
  Time since last request: 0.000032 seconds.
  path: Assets/Game/Scripts/System/ShipControllerViewConfig.cs
  artifactKey: Guid(589352f625ed4978bd7527569acfb19f) Importer(2089858483,192608db42251d675da83286b1cce702)
Start importing Assets/Game/Scripts/System/ShipControllerViewConfig.cs using Guid(589352f625ed4978bd7527569acfb19f) Importer(2089858483,192608db42251d675da83286b1cce702) (ScriptedImporter) -> (artifact id: 'f86043e678524d946068fd0bf590b80f') in 0.0209875 seconds
Number of updated asset objects reloaded before import = 0Number of asset objects unloaded after import = 0

========================================================================
Received Import Request.
  Time since last request: 0.000046 seconds.
  path: Assets/Game/Scripts/GameObjects/Bullet/IDamageable.cs
  artifactKey: Guid(5d1086b193857b84ea82abeb64bca751) Importer(2089858483,192608db42251d675da83286b1cce702)
Start importing Assets/Game/Scripts/GameObjects/Bullet/IDamageable.cs using Guid(5d1086b193857b84ea82abeb64bca751) Importer(2089858483,192608db42251d675da83286b1cce702) (ScriptedImporter) -> (artifact id: 'ddefc87b3f776e45d515fe3ba79adfd2') in 0.0181422 seconds
Number of updated asset objects reloaded before import = 0Number of asset objects unloaded after import = 0

========================================================================
Received Import Request.
  Time since last request: 0.000059 seconds.
  path: Assets/Game/Scripts/GameObjects/Bullet/BulletConfigEnemy.cs
  artifactKey: Guid(80c010d3aafce5d4ca3ec1ae94b21fdc) Importer(2089858483,192608db42251d675da83286b1cce702)
Start importing Assets/Game/Scripts/GameObjects/Bullet/BulletConfigEnemy.cs using Guid(80c010d3aafce5d4ca3ec1ae94b21fdc) Importer(2089858483,192608db42251d675da83286b1cce702) (ScriptedImporter) -> (artifact id: 'c8787778f872fd9c1af326ef64e4e6a6') in 0.0133365 seconds
Number of updated asset objects reloaded before import = 0Number of asset objects unloaded after import = 0

========================================================================
Received Import Request.
  Time since last request: 0.000034 seconds.
  path: Assets/Game/Scripts/GameObjects/Bullet/BulletViewConfig.cs
  artifactKey: Guid(9717fc32aa01448e80c6888f7df05926) Importer(2089858483,192608db42251d675da83286b1cce702)
Start importing Assets/Game/Scripts/GameObjects/Bullet/BulletViewConfig.cs using Guid(9717fc32aa01448e80c6888f7df05926) Importer(2089858483,192608db42251d675da83286b1cce702) (ScriptedImporter) -> (artifact id: '89c893b524aa6636eb12f7593aa90c50') in 0.0169539 seconds
Number of updated asset objects reloaded before import = 0Number of asset objects unloaded after import = 0

========================================================================
Received Import Request.
  Time since last request: 0.000055 seconds.
  path: Assets/Game/Materials/SciFiSkybox.mat
  artifactKey: Guid(3b29a4a940a4246ae9d7fb35d36ed21e) Importer(2089858483,192608db42251d675da83286b1cce702)
Start importing Assets/Game/Materials/SciFiSkybox.mat using Guid(3b29a4a940a4246ae9d7fb35d36ed21e) Importer(2089858483,192608db42251d675da83286b1cce702) (ScriptedImporter) -> (artifact id: 'c7109f8bcfc3519576873ab2b18fc017') in 0.0405234 seconds
Number of updated asset objects reloaded before import = 0Number of asset objects unloaded after import = 7

========================================================================
Received Import Request.
  Time since last request: 0.000076 seconds.
  path: Assets/Game/Scripts/System/Player/PlayerInput.cs
  artifactKey: Guid(0d178d0637473474b8284d66147e577b) Importer(2089858483,192608db42251d675da83286b1cce702)
Start importing Assets/Game/Scripts/System/Player/PlayerInput.cs using Guid(0d178d0637473474b8284d66147e577b) Importer(2089858483,192608db42251d675da83286b1cce702) (ScriptedImporter) -> (artifact id: '16233d6df96ed3209c1b5c7cde993c04') in 0.0151543 seconds
Number of updated asset objects reloaded before import = 0Number of asset objects unloaded after import = 0

Editor requested this worker to shutdown with reason: Scaling down because of idle timeout
AssetImportWorker is now disconnected from the server
Process exiting
Exiting without the bug reporter. Application will terminate with return code 0