{"cameraMode":{"drawMode":0,"name":"Shaded","section":"Shading Mode"},"sceneLighting":false,"audioPlay":false,"sceneViewState":{"m_AlwaysRefresh":false,"showFog":true,"showSkybox":true,"showFlares":true,"showImageEffects":true,"showParticleSystems":true,"showVisualEffectGraphs":true,"m_FxEnabled":true},"in2DMode":false,"pivot":{"x":-0.02001369744539261,"y":-0.05148667097091675,"z":-0.44757917523384097},"rotation":{"x":0.0023583199363201858,"y":0.9942400455474854,"z":-0.10479027777910233,"w":0.02237500622868538},"size":0.3041849732398987,"orthographic":false}