{"cameraMode":{"drawMode":0,"name":"Shaded","section":"Shading Mode"},"sceneLighting":false,"audioPlay":false,"sceneViewState":{"m_AlwaysRefresh":false,"showFog":true,"showSkybox":true,"showFlares":true,"showImageEffects":true,"showParticleSystems":true,"showVisualEffectGraphs":true,"m_FxEnabled":true},"in2DMode":false,"pivot":{"x":-0.003958702087402344,"y":0.006000041961669922,"z":-0.0025072097778320314},"rotation":{"x":0.009367866441607476,"y":0.9781590104103088,"z":0.04521368443965912,"w":-0.20266450941562653},"size":9.223177909851075,"orthographic":false}