{"cameraMode":{"drawMode":0,"name":"Shaded","section":"Shading Mode"},"sceneLighting":false,"audioPlay":false,"sceneViewState":{"m_AlwaysRefresh":false,"showFog":true,"showSkybox":true,"showFlares":true,"showImageEffects":true,"showParticleSystems":true,"showVisualEffectGraphs":true,"m_FxEnabled":true},"in2DMode":false,"pivot":{"x":0.06915237009525299,"y":-0.002529171761125326,"z":-0.02459394931793213},"rotation":{"x":-0.00008400344813708216,"y":0.990452229976654,"z":-0.0006038395222276449,"w":-0.13785873353481294},"size":0.15456931293010713,"orthographic":false}