{"cameraMode":{"drawMode":0,"name":"Shaded","section":"Shading Mode"},"sceneLighting":false,"audioPlay":false,"sceneViewState":{"m_AlwaysRefresh":false,"showFog":true,"showSkybox":true,"showFlares":true,"showImageEffects":true,"showParticleSystems":true,"showVisualEffectGraphs":true,"m_FxEnabled":true},"in2DMode":false,"pivot":{"x":0.026587456464767457,"y":0.04308859258890152,"z":0.026475917547941209},"rotation":{"x":-0.0013357908464968205,"y":0.8960942625999451,"z":-0.0026969509199261667,"w":-0.4438561797142029},"size":0.22771801054477693,"orthographic":false}