{"cameraMode":{"drawMode":0,"name":"Shaded","section":"Shading Mode"},"sceneLighting":false,"audioPlay":false,"sceneViewState":{"m_AlwaysRefresh":false,"showFog":true,"showSkybox":true,"showFlares":true,"showImageEffects":true,"showParticleSystems":true,"showVisualEffectGraphs":true,"m_FxEnabled":true},"in2DMode":false,"pivot":{"x":-0.0687146782875061,"y":0.0776648074388504,"z":-1.5312844514846802},"rotation":{"x":-0.00019982560479547828,"y":0.9981599450111389,"z":0.06055300310254097,"w":0.0032948891166597606},"size":2.1872522830963136,"orthographic":false}